ObjectId,Country,Unit,Amount,year
1,World,Parts Per Million,315.7,1958
2,World,Parts Per Million,317.45,1958
3,World,Parts Per Million,317.51,1958
4,World,Parts Per Million,317.24,1958
5,World,Parts Per Million,315.86,1958
6,World,Parts Per Million,314.93,1958
7,World,Parts Per Million,313.2,1958
8,World,Parts Per Million,312.43,1958
9,World,Parts Per Million,313.33,1958
10,World,Parts Per Million,314.67,1958
11,World,Parts Per Million,315.58,1959
12,World,Parts Per Million,316.48,1959
13,World,Parts Per Million,316.65,1959
14,World,Percent,0.3,1959
15,World,Parts Per Million,317.72,1959
16,World,Percent,0.09,1959
17,World,Parts Per Million,318.29,1959
18,World,Percent,0.25,1959
19,World,Parts Per Million,318.15,1959
20,World,Percent,0.29,1959
21,World,Parts Per Million,316.54,1959
22,World,Percent,0.22,1959
23,World,Parts Per Million,314.8,1959
24,World,Percent,-0.04,1959
25,World,Parts Per Million,313.84,1959
26,World,Percent,0.2,1959
27,World,Parts Per Million,313.33,1959
28,World,Percent,0.29,1959
29,World,Parts Per Million,314.81,1959
30,World,Percent,0.47,1959
31,World,Parts Per Million,315.58,1959
32,World,Percent,0.29,1959
33,World,Parts Per Million,316.43,1960
34,World,Percent,0.27,1960
35,World,Parts Per Million,316.98,1960
36,World,Percent,0.16,1960
37,World,Parts Per Million,317.58,1960
38,World,Percent,0.29,1960
39,World,Parts Per Million,319.03,1960
40,World,Percent,0.41,1960
41,World,Parts Per Million,320.04,1960
42,World,Percent,0.55,1960
43,World,Parts Per Million,319.59,1960
44,World,Percent,0.45,1960
45,World,Parts Per Million,318.18,1960
46,World,Percent,0.52,1960
47,World,Parts Per Million,315.9,1960
48,World,Percent,0.35,1960
49,World,Parts Per Million,314.17,1960
50,World,Percent,0.11,1960
51,World,Parts Per Million,313.83,1960
52,World,Percent,0.16,1960
53,World,Parts Per Million,315.0,1960
54,World,Percent,0.06,1960
55,World,Parts Per Million,316.19,1960
56,World,Percent,0.19,1960
57,World,Parts Per Million,316.89,1961
58,World,Percent,0.15,1961
59,World,Parts Per Million,317.7,1961
60,World,Percent,0.23,1961
61,World,Parts Per Million,318.54,1961
62,World,Percent,0.3,1961
63,World,Parts Per Million,319.48,1961
64,World,Percent,0.14,1961
65,World,Parts Per Million,320.58,1961
66,World,Percent,0.17,1961
67,World,Parts Per Million,319.77,1961
68,World,Percent,0.06,1961
69,World,Parts Per Million,318.57,1961
70,World,Percent,0.12,1961
71,World,Parts Per Million,316.79,1961
72,World,Percent,0.28,1961
73,World,Parts Per Million,314.99,1961
74,World,Percent,0.26,1961
75,World,Parts Per Million,315.31,1961
76,World,Percent,0.47,1961
77,World,Parts Per Million,316.1,1961
78,World,Percent,0.35,1961
79,World,Parts Per Million,317.01,1961
80,World,Percent,0.26,1961
81,World,Parts Per Million,317.94,1962
82,World,Percent,0.33,1962
83,World,Parts Per Million,318.55,1962
84,World,Percent,0.27,1962
85,World,Parts Per Million,319.68,1962
86,World,Percent,0.36,1962
87,World,Parts Per Million,320.57,1962
88,World,Percent,0.34,1962
89,World,Parts Per Million,321.02,1962
90,World,Percent,0.14,1962
91,World,Parts Per Million,320.62,1962
92,World,Percent,0.27,1962
93,World,Parts Per Million,319.61,1962
94,World,Percent,0.33,1962
95,World,Parts Per Million,317.4,1962
96,World,Percent,0.19,1962
97,World,Parts Per Million,316.25,1962
98,World,Percent,0.4,1962
99,World,Parts Per Million,315.42,1962
100,World,Percent,0.03,1962
101,World,Parts Per Million,316.69,1962
102,World,Percent,0.19,1962
103,World,Parts Per Million,317.7,1962
104,World,Percent,0.22,1962
105,World,Parts Per Million,318.74,1963
106,World,Percent,0.25,1963
107,World,Parts Per Million,319.07,1963
108,World,Percent,0.16,1963
109,World,Parts Per Million,319.86,1963
110,World,Percent,0.06,1963
111,World,Parts Per Million,321.38,1963
112,World,Percent,0.25,1963
113,World,Parts Per Million,322.25,1963
114,World,Percent,0.38,1963
115,World,Parts Per Million,321.48,1963
116,World,Percent,0.27,1963
117,World,Parts Per Million,319.74,1963
118,World,Percent,0.04,1963
119,World,Parts Per Million,317.77,1963
120,World,Percent,0.12,1963
121,World,Parts Per Million,316.21,1963
122,World,Percent,-0.01,1963
123,World,Parts Per Million,315.99,1963
124,World,Percent,0.18,1963
125,World,Parts Per Million,317.07,1963
126,World,Percent,0.12,1963
127,World,Parts Per Million,318.35,1963
128,World,Percent,0.2,1963
129,World,Parts Per Million,319.57,1964
130,World,Percent,0.26,1964
131,World,Parts Per Million,320.01,1964
132,World,Percent,0.29,1964
133,World,Parts Per Million,320.74,1964
134,World,Percent,0.28,1964
135,World,Parts Per Million,321.84,1964
136,World,Percent,0.14,1964
137,World,Parts Per Million,322.26,1964
138,World,Percent,0.0,1964
139,World,Parts Per Million,321.89,1964
140,World,Percent,0.13,1964
141,World,Parts Per Million,320.44,1964
142,World,Percent,0.22,1964
143,World,Parts Per Million,318.69,1964
144,World,Percent,0.29,1964
145,World,Parts Per Million,316.7,1964
146,World,Percent,0.15,1964
147,World,Parts Per Million,316.87,1964
148,World,Percent,0.28,1964
149,World,Parts Per Million,317.68,1964
150,World,Percent,0.19,1964
151,World,Parts Per Million,318.71,1964
152,World,Percent,0.11,1964
153,World,Parts Per Million,319.44,1965
154,World,Percent,-0.04,1965
155,World,Parts Per Million,320.44,1965
156,World,Percent,0.13,1965
157,World,Parts Per Million,320.89,1965
158,World,Percent,0.05,1965
159,World,Parts Per Million,322.14,1965
160,World,Percent,0.09,1965
161,World,Parts Per Million,322.17,1965
162,World,Percent,-0.03,1965
163,World,Parts Per Million,321.87,1965
164,World,Percent,-0.01,1965
165,World,Parts Per Million,321.21,1965
166,World,Percent,0.24,1965
167,World,Parts Per Million,318.87,1965
168,World,Percent,0.06,1965
169,World,Parts Per Million,317.81,1965
170,World,Percent,0.35,1965
171,World,Parts Per Million,317.3,1965
172,World,Percent,0.14,1965
173,World,Parts Per Million,318.87,1965
174,World,Percent,0.37,1965
175,World,Parts Per Million,319.42,1965
176,World,Percent,0.22,1965
177,World,Parts Per Million,320.62,1966
178,World,Percent,0.37,1966
179,World,Parts Per Million,321.6,1966
180,World,Percent,0.36,1966
181,World,Parts Per Million,322.39,1966
182,World,Percent,0.47,1966
183,World,Parts Per Million,323.7,1966
184,World,Percent,0.48,1966
185,World,Parts Per Million,324.08,1966
186,World,Percent,0.59,1966
187,World,Parts Per Million,323.75,1966
188,World,Percent,0.58,1966
189,World,Parts Per Million,322.38,1966
190,World,Percent,0.36,1966
191,World,Parts Per Million,320.36,1966
192,World,Percent,0.47,1966
193,World,Parts Per Million,318.64,1966
194,World,Percent,0.26,1966
195,World,Parts Per Million,318.1,1966
196,World,Percent,0.25,1966
197,World,Parts Per Million,319.78,1966
198,World,Percent,0.29,1966
199,World,Parts Per Million,321.03,1966
200,World,Percent,0.5,1966
201,World,Parts Per Million,322.33,1967
202,World,Percent,0.53,1967
203,World,Parts Per Million,322.5,1967
204,World,Percent,0.28,1967
205,World,Parts Per Million,323.04,1967
206,World,Percent,0.2,1967
207,World,Parts Per Million,324.42,1967
208,World,Percent,0.22,1967
209,World,Parts Per Million,325.0,1967
210,World,Percent,0.28,1967
211,World,Parts Per Million,324.09,1967
212,World,Percent,0.11,1967
213,World,Parts Per Million,322.54,1967
214,World,Percent,0.05,1967
215,World,Parts Per Million,320.92,1967
216,World,Percent,0.17,1967
217,World,Parts Per Million,319.25,1967
218,World,Percent,0.19,1967
219,World,Parts Per Million,319.39,1967
220,World,Percent,0.41,1967
221,World,Parts Per Million,320.73,1967
222,World,Percent,0.3,1967
223,World,Parts Per Million,321.96,1967
224,World,Percent,0.29,1967
225,World,Parts Per Million,322.57,1968
226,World,Percent,0.07,1968
227,World,Parts Per Million,323.15,1968
228,World,Percent,0.2,1968
229,World,Parts Per Million,323.89,1968
230,World,Percent,0.26,1968
231,World,Parts Per Million,325.02,1968
232,World,Percent,0.18,1968
233,World,Parts Per Million,325.57,1968
234,World,Percent,0.18,1968
235,World,Parts Per Million,325.36,1968
236,World,Percent,0.39,1968
237,World,Parts Per Million,324.14,1968
238,World,Percent,0.5,1968
239,World,Parts Per Million,322.11,1968
240,World,Percent,0.37,1968
241,World,Parts Per Million,320.33,1968
242,World,Percent,0.34,1968
243,World,Parts Per Million,320.25,1968
244,World,Percent,0.27,1968
245,World,Parts Per Million,321.32,1968
246,World,Percent,0.18,1968
247,World,Parts Per Million,322.89,1968
248,World,Percent,0.29,1968
249,World,Parts Per Million,324.0,1969
250,World,Percent,0.44,1969
251,World,Parts Per Million,324.42,1969
252,World,Percent,0.39,1969
253,World,Parts Per Million,325.63,1969
254,World,Percent,0.54,1969
255,World,Parts Per Million,326.66,1969
256,World,Percent,0.5,1969
257,World,Parts Per Million,327.38,1969
258,World,Percent,0.56,1969
259,World,Parts Per Million,326.71,1969
260,World,Percent,0.41,1969
261,World,Parts Per Million,325.88,1969
262,World,Percent,0.54,1969
263,World,Parts Per Million,323.66,1969
264,World,Percent,0.48,1969
265,World,Parts Per Million,322.38,1969
266,World,Percent,0.64,1969
267,World,Parts Per Million,321.78,1969
268,World,Percent,0.48,1969
269,World,Parts Per Million,322.86,1969
270,World,Percent,0.48,1969
271,World,Parts Per Million,324.12,1969
272,World,Percent,0.38,1969
273,World,Parts Per Million,325.06,1970
274,World,Percent,0.33,1970
275,World,Parts Per Million,325.98,1970
276,World,Percent,0.48,1970
277,World,Parts Per Million,326.93,1970
278,World,Percent,0.4,1970
279,World,Parts Per Million,328.13,1970
280,World,Percent,0.45,1970
281,World,Parts Per Million,328.08,1970
282,World,Percent,0.21,1970
283,World,Parts Per Million,327.67,1970
284,World,Percent,0.29,1970
285,World,Parts Per Million,326.34,1970
286,World,Percent,0.14,1970
287,World,Parts Per Million,324.69,1970
288,World,Percent,0.32,1970
289,World,Parts Per Million,323.1,1970
290,World,Percent,0.22,1970
291,World,Parts Per Million,323.06,1970
292,World,Percent,0.4,1970
293,World,Parts Per Million,324.01,1970
294,World,Percent,0.36,1970
295,World,Parts Per Million,325.13,1970
296,World,Percent,0.31,1970
297,World,Parts Per Million,326.17,1971
298,World,Percent,0.34,1971
299,World,Parts Per Million,326.68,1971
300,World,Percent,0.21,1971
301,World,Parts Per Million,327.17,1971
302,World,Percent,0.07,1971
303,World,Parts Per Million,327.79,1971
304,World,Percent,-0.1,1971
305,World,Parts Per Million,328.93,1971
306,World,Percent,0.26,1971
307,World,Parts Per Million,328.57,1971
308,World,Percent,0.27,1971
309,World,Parts Per Million,327.36,1971
310,World,Percent,0.31,1971
311,World,Parts Per Million,325.43,1971
312,World,Percent,0.23,1971
313,World,Parts Per Million,323.36,1971
314,World,Percent,0.08,1971
315,World,Parts Per Million,323.56,1971
316,World,Percent,0.15,1971
317,World,Parts Per Million,324.8,1971
318,World,Percent,0.24,1971
319,World,Parts Per Million,326.01,1971
320,World,Percent,0.27,1971
321,World,Parts Per Million,326.77,1972
322,World,Percent,0.18,1972
323,World,Parts Per Million,327.63,1972
324,World,Percent,0.29,1972
325,World,Parts Per Million,327.75,1972
326,World,Percent,0.18,1972
327,World,Parts Per Million,329.72,1972
328,World,Percent,0.59,1972
329,World,Parts Per Million,330.07,1972
330,World,Percent,0.35,1972
331,World,Parts Per Million,329.09,1972
332,World,Percent,0.16,1972
333,World,Parts Per Million,328.04,1972
334,World,Percent,0.21,1972
335,World,Parts Per Million,326.32,1972
336,World,Percent,0.27,1972
337,World,Parts Per Million,324.84,1972
338,World,Percent,0.46,1972
339,World,Parts Per Million,325.2,1972
340,World,Percent,0.51,1972
341,World,Parts Per Million,326.5,1972
342,World,Percent,0.52,1972
343,World,Parts Per Million,327.55,1972
344,World,Percent,0.47,1972
345,World,Parts Per Million,328.55,1973
346,World,Percent,0.54,1973
347,World,Parts Per Million,329.56,1973
348,World,Percent,0.59,1973
349,World,Parts Per Million,330.3,1973
350,World,Percent,0.78,1973
351,World,Parts Per Million,331.5,1973
352,World,Percent,0.54,1973
353,World,Parts Per Million,332.48,1973
354,World,Percent,0.73,1973
355,World,Parts Per Million,332.07,1973
356,World,Percent,0.91,1973
357,World,Parts Per Million,330.87,1973
358,World,Percent,0.86,1973
359,World,Parts Per Million,329.31,1973
360,World,Percent,0.92,1973
361,World,Parts Per Million,327.51,1973
362,World,Percent,0.82,1973
363,World,Parts Per Million,327.18,1973
364,World,Percent,0.61,1973
365,World,Parts Per Million,328.16,1973
366,World,Percent,0.51,1973
367,World,Parts Per Million,328.64,1973
368,World,Percent,0.33,1973
369,World,Parts Per Million,329.35,1974
370,World,Percent,0.24,1974
371,World,Parts Per Million,330.71,1974
372,World,Percent,0.35,1974
373,World,Parts Per Million,331.48,1974
374,World,Percent,0.36,1974
375,World,Parts Per Million,332.65,1974
376,World,Percent,0.35,1974
377,World,Parts Per Million,333.18,1974
378,World,Percent,0.21,1974
379,World,Parts Per Million,332.2,1974
380,World,Percent,0.04,1974
381,World,Parts Per Million,331.07,1974
382,World,Percent,0.06,1974
383,World,Parts Per Million,329.15,1974
384,World,Percent,-0.05,1974
385,World,Parts Per Million,327.33,1974
386,World,Percent,-0.05,1974
387,World,Parts Per Million,327.28,1974
388,World,Percent,0.03,1974
389,World,Parts Per Million,328.31,1974
390,World,Percent,0.05,1974
391,World,Parts Per Million,329.58,1974
392,World,Percent,0.29,1974
393,World,Parts Per Million,330.73,1975
394,World,Percent,0.42,1975
395,World,Parts Per Million,331.46,1975
396,World,Percent,0.23,1975
397,World,Parts Per Million,331.94,1975
398,World,Percent,0.14,1975
399,World,Parts Per Million,333.11,1975
400,World,Percent,0.14,1975
401,World,Parts Per Million,333.95,1975
402,World,Percent,0.23,1975
403,World,Parts Per Million,333.42,1975
404,World,Percent,0.37,1975
405,World,Parts Per Million,331.97,1975
406,World,Percent,0.27,1975
407,World,Parts Per Million,329.95,1975
408,World,Percent,0.24,1975
409,World,Parts Per Million,328.5,1975
410,World,Percent,0.36,1975
411,World,Parts Per Million,328.36,1975
412,World,Percent,0.33,1975
413,World,Parts Per Million,329.38,1975
414,World,Percent,0.33,1975
415,World,Parts Per Million,330.79,1975
416,World,Percent,0.37,1975
417,World,Parts Per Million,331.56,1976
418,World,Percent,0.25,1976
419,World,Parts Per Million,332.74,1976
420,World,Percent,0.39,1976
421,World,Parts Per Million,333.36,1976
422,World,Percent,0.43,1976
423,World,Parts Per Million,334.74,1976
424,World,Percent,0.49,1976
425,World,Parts Per Million,334.72,1976
426,World,Percent,0.23,1976
427,World,Parts Per Million,333.98,1976
428,World,Percent,0.17,1976
429,World,Parts Per Million,333.08,1976
430,World,Percent,0.33,1976
431,World,Parts Per Million,330.68,1976
432,World,Percent,0.22,1976
433,World,Parts Per Million,328.96,1976
434,World,Percent,0.14,1976
435,World,Parts Per Million,328.72,1976
436,World,Percent,0.11,1976
437,World,Parts Per Million,330.16,1976
438,World,Percent,0.24,1976
439,World,Parts Per Million,331.62,1976
440,World,Percent,0.25,1976
441,World,Parts Per Million,332.68,1977
442,World,Percent,0.34,1977
443,World,Parts Per Million,333.17,1977
444,World,Percent,0.13,1977
445,World,Parts Per Million,334.96,1977
446,World,Percent,0.48,1977
447,World,Parts Per Million,336.14,1977
448,World,Percent,0.42,1977
449,World,Parts Per Million,336.93,1977
450,World,Percent,0.66,1977
451,World,Parts Per Million,336.17,1977
452,World,Percent,0.66,1977
453,World,Parts Per Million,334.89,1977
454,World,Percent,0.54,1977
455,World,Parts Per Million,332.56,1977
456,World,Percent,0.57,1977
457,World,Parts Per Million,331.29,1977
458,World,Percent,0.71,1977
459,World,Parts Per Million,331.28,1977
460,World,Percent,0.78,1977
461,World,Parts Per Million,332.46,1977
462,World,Percent,0.7,1977
463,World,Parts Per Million,333.6,1977
464,World,Percent,0.6,1977
465,World,Parts Per Million,334.94,1978
466,World,Percent,0.68,1978
467,World,Parts Per Million,335.26,1978
468,World,Percent,0.63,1978
469,World,Parts Per Million,336.66,1978
470,World,Percent,0.51,1978
471,World,Parts Per Million,337.69,1978
472,World,Percent,0.46,1978
473,World,Parts Per Million,338.02,1978
474,World,Percent,0.32,1978
475,World,Parts Per Million,338.01,1978
476,World,Percent,0.55,1978
477,World,Parts Per Million,336.5,1978
478,World,Percent,0.48,1978
479,World,Parts Per Million,334.42,1978
480,World,Percent,0.56,1978
481,World,Parts Per Million,332.36,1978
482,World,Percent,0.32,1978
483,World,Parts Per Million,332.45,1978
484,World,Percent,0.35,1978
485,World,Parts Per Million,333.76,1978
486,World,Percent,0.39,1978
487,World,Parts Per Million,334.91,1978
488,World,Percent,0.39,1978
489,World,Parts Per Million,336.14,1979
490,World,Percent,0.36,1979
491,World,Parts Per Million,336.69,1979
492,World,Percent,0.43,1979
493,World,Parts Per Million,338.27,1979
494,World,Percent,0.48,1979
495,World,Parts Per Million,338.82,1979
496,World,Percent,0.33,1979
497,World,Parts Per Million,339.24,1979
498,World,Percent,0.36,1979
499,World,Parts Per Million,339.26,1979
500,World,Percent,0.37,1979
501,World,Parts Per Million,337.54,1979
502,World,Percent,0.31,1979
503,World,Parts Per Million,335.72,1979
504,World,Percent,0.39,1979
505,World,Parts Per Million,333.97,1979
506,World,Percent,0.48,1979
507,World,Parts Per Million,334.24,1979
508,World,Percent,0.54,1979
509,World,Parts Per Million,335.32,1979
510,World,Percent,0.47,1979
511,World,Parts Per Million,336.81,1979
512,World,Percent,0.57,1979
513,World,Parts Per Million,337.9,1980
514,World,Percent,0.52,1980
515,World,Parts Per Million,338.34,1980
516,World,Percent,0.49,1980
517,World,Parts Per Million,340.07,1980
518,World,Percent,0.53,1980
519,World,Parts Per Million,340.93,1980
520,World,Percent,0.62,1980
521,World,Parts Per Million,341.45,1980
522,World,Percent,0.65,1980
523,World,Parts Per Million,341.36,1980
524,World,Percent,0.62,1980
525,World,Parts Per Million,339.45,1980
526,World,Percent,0.57,1980
527,World,Parts Per Million,337.67,1980
528,World,Percent,0.58,1980
529,World,Parts Per Million,336.25,1980
530,World,Percent,0.68,1980
531,World,Parts Per Million,336.14,1980
532,World,Percent,0.57,1980
533,World,Parts Per Million,337.3,1980
534,World,Percent,0.59,1980
535,World,Parts Per Million,338.29,1980
536,World,Percent,0.44,1980
537,World,Parts Per Million,339.29,1981
538,World,Percent,0.41,1981
539,World,Parts Per Million,340.55,1981
540,World,Percent,0.65,1981
541,World,Parts Per Million,341.63,1981
542,World,Percent,0.46,1981
543,World,Parts Per Million,342.6,1981
544,World,Percent,0.49,1981
545,World,Parts Per Million,343.04,1981
546,World,Percent,0.47,1981
547,World,Parts Per Million,342.54,1981
548,World,Percent,0.35,1981
549,World,Parts Per Million,340.82,1981
550,World,Percent,0.4,1981
551,World,Parts Per Million,338.48,1981
552,World,Percent,0.24,1981
553,World,Parts Per Million,336.95,1981
554,World,Percent,0.21,1981
555,World,Parts Per Million,337.05,1981
556,World,Percent,0.27,1981
557,World,Parts Per Million,338.58,1981
558,World,Percent,0.38,1981
559,World,Parts Per Million,339.91,1981
560,World,Percent,0.48,1981
561,World,Parts Per Million,340.93,1982
562,World,Percent,0.48,1982
563,World,Parts Per Million,341.76,1982
564,World,Percent,0.36,1982
565,World,Parts Per Million,342.77,1982
566,World,Percent,0.33,1982
567,World,Parts Per Million,343.96,1982
568,World,Percent,0.4,1982
569,World,Parts Per Million,344.77,1982
570,World,Percent,0.5,1982
571,World,Parts Per Million,343.88,1982
572,World,Percent,0.39,1982
573,World,Parts Per Million,342.42,1982
574,World,Percent,0.47,1982
575,World,Parts Per Million,340.24,1982
576,World,Percent,0.52,1982
577,World,Parts Per Million,338.38,1982
578,World,Percent,0.42,1982
579,World,Parts Per Million,338.41,1982
580,World,Percent,0.4,1982
581,World,Parts Per Million,339.44,1982
582,World,Percent,0.25,1982
583,World,Parts Per Million,340.78,1982
584,World,Percent,0.26,1982
585,World,Parts Per Million,341.57,1983
586,World,Percent,0.19,1983
587,World,Parts Per Million,342.78,1983
588,World,Percent,0.3,1983
589,World,Parts Per Million,343.37,1983
590,World,Percent,0.18,1983
591,World,Parts Per Million,345.4,1983
592,World,Percent,0.42,1983
593,World,Parts Per Million,346.14,1983
594,World,Percent,0.4,1983
595,World,Parts Per Million,345.76,1983
596,World,Percent,0.55,1983
597,World,Parts Per Million,344.32,1983
598,World,Percent,0.55,1983
599,World,Parts Per Million,342.51,1983
600,World,Percent,0.67,1983
601,World,Parts Per Million,340.46,1983
602,World,Percent,0.61,1983
603,World,Parts Per Million,340.53,1983
604,World,Percent,0.63,1983
605,World,Parts Per Million,341.79,1983
606,World,Percent,0.69,1983
607,World,Parts Per Million,343.2,1983
608,World,Percent,0.71,1983
609,World,Parts Per Million,344.21,1984
610,World,Percent,0.77,1984
611,World,Parts Per Million,344.92,1984
612,World,Percent,0.62,1984
613,World,Parts Per Million,345.68,1984
614,World,Percent,0.67,1984
615,World,Parts Per Million,347.37,1984
616,World,Percent,0.57,1984
617,World,Parts Per Million,347.78,1984
618,World,Percent,0.47,1984
619,World,Parts Per Million,347.16,1984
620,World,Percent,0.4,1984
621,World,Parts Per Million,345.79,1984
622,World,Percent,0.43,1984
623,World,Parts Per Million,343.74,1984
624,World,Percent,0.36,1984
625,World,Parts Per Million,341.59,1984
626,World,Percent,0.33,1984
627,World,Parts Per Million,341.86,1984
628,World,Percent,0.39,1984
629,World,Parts Per Million,343.31,1984
630,World,Percent,0.44,1984
631,World,Parts Per Million,345.0,1984
632,World,Percent,0.52,1984
633,World,Parts Per Million,345.48,1985
634,World,Percent,0.37,1985
635,World,Parts Per Million,346.41,1985
636,World,Percent,0.43,1985
637,World,Parts Per Million,347.91,1985
638,World,Percent,0.65,1985
639,World,Parts Per Million,348.66,1985
640,World,Percent,0.37,1985
641,World,Parts Per Million,349.28,1985
642,World,Percent,0.43,1985
643,World,Parts Per Million,348.65,1985
644,World,Percent,0.43,1985
645,World,Parts Per Million,346.9,1985
646,World,Percent,0.32,1985
647,World,Parts Per Million,345.26,1985
648,World,Percent,0.44,1985
649,World,Parts Per Million,343.47,1985
650,World,Percent,0.55,1985
651,World,Parts Per Million,343.35,1985
652,World,Percent,0.44,1985
653,World,Parts Per Million,344.73,1985
654,World,Percent,0.41,1985
655,World,Parts Per Million,346.12,1985
656,World,Percent,0.32,1985
657,World,Parts Per Million,346.78,1986
658,World,Percent,0.38,1986
659,World,Parts Per Million,347.48,1986
660,World,Percent,0.31,1986
661,World,Parts Per Million,348.25,1986
662,World,Percent,0.1,1986
663,World,Parts Per Million,349.86,1986
664,World,Percent,0.34,1986
665,World,Parts Per Million,350.52,1986
666,World,Percent,0.36,1986
667,World,Parts Per Million,349.98,1986
668,World,Percent,0.38,1986
669,World,Parts Per Million,348.25,1986
670,World,Percent,0.39,1986
671,World,Parts Per Million,346.17,1986
672,World,Percent,0.26,1986
673,World,Parts Per Million,345.48,1986
674,World,Percent,0.59,1986
675,World,Parts Per Million,344.82,1986
676,World,Percent,0.43,1986
677,World,Parts Per Million,346.22,1986
678,World,Percent,0.43,1986
679,World,Parts Per Million,347.49,1986
680,World,Percent,0.4,1986
681,World,Parts Per Million,348.73,1987
682,World,Percent,0.56,1987
683,World,Parts Per Million,348.92,1987
684,World,Percent,0.41,1987
685,World,Parts Per Million,349.81,1987
686,World,Percent,0.45,1987
687,World,Parts Per Million,351.4,1987
688,World,Percent,0.44,1987
689,World,Parts Per Million,352.15,1987
690,World,Percent,0.47,1987
691,World,Parts Per Million,351.58,1987
692,World,Percent,0.46,1987
693,World,Parts Per Million,350.21,1987
694,World,Percent,0.56,1987
695,World,Parts Per Million,348.2,1987
696,World,Percent,0.59,1987
697,World,Parts Per Million,346.66,1987
698,World,Percent,0.34,1987
699,World,Parts Per Million,346.72,1987
700,World,Percent,0.55,1987
701,World,Parts Per Million,348.08,1987
702,World,Percent,0.54,1987
703,World,Parts Per Million,349.28,1987
704,World,Percent,0.52,1987
705,World,Parts Per Million,350.51,1988
706,World,Percent,0.51,1988
707,World,Parts Per Million,351.7,1988
708,World,Percent,0.8,1988
709,World,Parts Per Million,352.5,1988
710,World,Percent,0.77,1988
711,World,Parts Per Million,353.67,1988
712,World,Percent,0.65,1988
713,World,Parts Per Million,354.35,1988
714,World,Percent,0.62,1988
715,World,Parts Per Million,353.88,1988
716,World,Percent,0.65,1988
717,World,Parts Per Million,352.8,1988
718,World,Percent,0.74,1988
719,World,Parts Per Million,350.49,1988
720,World,Percent,0.66,1988
721,World,Parts Per Million,348.97,1988
722,World,Percent,0.67,1988
723,World,Parts Per Million,349.37,1988
724,World,Percent,0.76,1988
725,World,Parts Per Million,350.42,1988
726,World,Percent,0.67,1988
727,World,Parts Per Million,351.62,1988
728,World,Percent,0.67,1988
729,World,Parts Per Million,353.07,1989
730,World,Percent,0.73,1989
731,World,Parts Per Million,353.43,1989
732,World,Percent,0.49,1989
733,World,Parts Per Million,354.08,1989
734,World,Percent,0.45,1989
735,World,Parts Per Million,355.72,1989
736,World,Percent,0.58,1989
737,World,Parts Per Million,355.95,1989
738,World,Percent,0.45,1989
739,World,Parts Per Million,355.44,1989
740,World,Percent,0.44,1989
741,World,Parts Per Million,354.05,1989
742,World,Percent,0.35,1989
743,World,Parts Per Million,351.84,1989
744,World,Percent,0.39,1989
745,World,Parts Per Million,350.09,1989
746,World,Percent,0.32,1989
747,World,Parts Per Million,350.33,1989
748,World,Percent,0.27,1989
749,World,Parts Per Million,351.55,1989
750,World,Percent,0.32,1989
751,World,Parts Per Million,352.91,1989
752,World,Percent,0.37,1989
753,World,Parts Per Million,353.86,1990
754,World,Percent,0.22,1990
755,World,Parts Per Million,355.1,1990
756,World,Percent,0.47,1990
757,World,Parts Per Million,355.75,1990
758,World,Percent,0.47,1990
759,World,Parts Per Million,356.38,1990
760,World,Percent,0.19,1990
761,World,Parts Per Million,357.38,1990
762,World,Percent,0.4,1990
763,World,Parts Per Million,356.39,1990
764,World,Percent,0.27,1990
765,World,Parts Per Million,354.89,1990
766,World,Percent,0.24,1990
767,World,Parts Per Million,353.06,1990
768,World,Percent,0.35,1990
769,World,Parts Per Million,351.38,1990
770,World,Percent,0.37,1990
771,World,Parts Per Million,351.69,1990
772,World,Percent,0.39,1990
773,World,Parts Per Million,353.14,1990
774,World,Percent,0.45,1990
775,World,Parts Per Million,354.41,1990
776,World,Percent,0.43,1990
777,World,Parts Per Million,354.93,1991
778,World,Percent,0.3,1991
779,World,Parts Per Million,355.82,1991
780,World,Percent,0.2,1991
781,World,Parts Per Million,357.33,1991
782,World,Percent,0.44,1991
783,World,Parts Per Million,358.77,1991
784,World,Percent,0.67,1991
785,World,Parts Per Million,359.23,1991
786,World,Percent,0.52,1991
787,World,Parts Per Million,358.23,1991
788,World,Percent,0.52,1991
789,World,Parts Per Million,356.3,1991
790,World,Percent,0.4,1991
791,World,Parts Per Million,353.97,1991
792,World,Percent,0.26,1991
793,World,Parts Per Million,352.34,1991
794,World,Percent,0.27,1991
795,World,Parts Per Million,352.43,1991
796,World,Percent,0.21,1991
797,World,Parts Per Million,353.89,1991
798,World,Percent,0.21,1991
799,World,Parts Per Million,355.21,1991
800,World,Percent,0.23,1991
801,World,Parts Per Million,356.34,1992
802,World,Percent,0.4,1992
803,World,Parts Per Million,357.21,1992
804,World,Percent,0.39,1992
805,World,Parts Per Million,357.97,1992
806,World,Percent,0.18,1992
807,World,Parts Per Million,359.22,1992
808,World,Percent,0.13,1992
809,World,Parts Per Million,359.71,1992
810,World,Percent,0.13,1992
811,World,Parts Per Million,359.44,1992
812,World,Percent,0.34,1992
813,World,Parts Per Million,357.15,1992
814,World,Percent,0.24,1992
815,World,Parts Per Million,354.99,1992
816,World,Percent,0.29,1992
817,World,Parts Per Million,353.01,1992
818,World,Percent,0.19,1992
819,World,Parts Per Million,353.41,1992
820,World,Percent,0.28,1992
821,World,Parts Per Million,354.42,1992
822,World,Percent,0.15,1992
823,World,Parts Per Million,355.68,1992
824,World,Percent,0.13,1992
825,World,Parts Per Million,357.1,1993
826,World,Percent,0.21,1993
827,World,Parts Per Million,357.42,1993
828,World,Percent,0.06,1993
829,World,Parts Per Million,358.59,1993
830,World,Percent,0.17,1993
831,World,Parts Per Million,359.39,1993
832,World,Percent,0.05,1993
833,World,Parts Per Million,360.3,1993
834,World,Percent,0.16,1993
835,World,Parts Per Million,359.64,1993
836,World,Percent,0.06,1993
837,World,Parts Per Million,357.45,1993
838,World,Percent,0.08,1993
839,World,Parts Per Million,355.76,1993
840,World,Percent,0.22,1993
841,World,Parts Per Million,354.14,1993
842,World,Percent,0.32,1993
843,World,Parts Per Million,354.23,1993
844,World,Percent,0.23,1993
845,World,Parts Per Million,355.53,1993
846,World,Percent,0.31,1993
847,World,Parts Per Million,357.03,1993
848,World,Percent,0.38,1993
849,World,Parts Per Million,358.36,1994
850,World,Percent,0.35,1994
851,World,Parts Per Million,359.04,1994
852,World,Percent,0.45,1994
853,World,Parts Per Million,360.11,1994
854,World,Percent,0.42,1994
855,World,Parts Per Million,361.36,1994
856,World,Percent,0.55,1994
857,World,Parts Per Million,361.78,1994
858,World,Percent,0.41,1994
859,World,Parts Per Million,360.94,1994
860,World,Percent,0.36,1994
861,World,Parts Per Million,359.51,1994
862,World,Percent,0.58,1994
863,World,Parts Per Million,357.59,1994
864,World,Percent,0.51,1994
865,World,Parts Per Million,355.86,1994
866,World,Percent,0.49,1994
867,World,Parts Per Million,356.21,1994
868,World,Percent,0.56,1994
869,World,Parts Per Million,357.65,1994
870,World,Percent,0.6,1994
871,World,Parts Per Million,359.1,1994
872,World,Percent,0.58,1994
873,World,Parts Per Million,360.04,1995
874,World,Percent,0.47,1995
875,World,Parts Per Million,361.0,1995
876,World,Percent,0.55,1995
877,World,Parts Per Million,361.98,1995
878,World,Percent,0.52,1995
879,World,Parts Per Million,363.44,1995
880,World,Percent,0.58,1995
881,World,Parts Per Million,363.83,1995
882,World,Percent,0.57,1995
883,World,Parts Per Million,363.33,1995
884,World,Percent,0.66,1995
885,World,Parts Per Million,361.78,1995
886,World,Percent,0.63,1995
887,World,Parts Per Million,359.33,1995
888,World,Percent,0.49,1995
889,World,Parts Per Million,358.32,1995
890,World,Percent,0.69,1995
891,World,Parts Per Million,358.14,1995
892,World,Percent,0.54,1995
893,World,Parts Per Million,359.61,1995
894,World,Percent,0.55,1995
895,World,Parts Per Million,360.82,1995
896,World,Percent,0.48,1995
897,World,Parts Per Million,362.2,1996
898,World,Percent,0.6,1996
899,World,Parts Per Million,363.36,1996
900,World,Percent,0.65,1996
901,World,Parts Per Million,364.28,1996
902,World,Percent,0.64,1996
903,World,Parts Per Million,364.69,1996
904,World,Percent,0.34,1996
905,World,Parts Per Million,365.25,1996
906,World,Percent,0.39,1996
907,World,Parts Per Million,365.06,1996
908,World,Percent,0.48,1996
909,World,Parts Per Million,363.69,1996
910,World,Percent,0.53,1996
911,World,Parts Per Million,361.55,1996
912,World,Percent,0.62,1996
913,World,Parts Per Million,359.69,1996
914,World,Percent,0.38,1996
915,World,Parts Per Million,359.72,1996
916,World,Percent,0.44,1996
917,World,Parts Per Million,361.04,1996
918,World,Percent,0.4,1996
919,World,Parts Per Million,362.39,1996
920,World,Percent,0.44,1996
921,World,Parts Per Million,363.24,1997
922,World,Percent,0.29,1997
923,World,Parts Per Million,364.21,1997
924,World,Percent,0.23,1997
925,World,Parts Per Million,364.65,1997
926,World,Percent,0.1,1997
927,World,Parts Per Million,366.49,1997
928,World,Percent,0.49,1997
929,World,Parts Per Million,366.77,1997
930,World,Percent,0.42,1997
931,World,Parts Per Million,365.73,1997
932,World,Percent,0.18,1997
933,World,Parts Per Million,364.46,1997
934,World,Percent,0.21,1997
935,World,Parts Per Million,362.4,1997
936,World,Percent,0.24,1997
937,World,Parts Per Million,360.44,1997
938,World,Percent,0.21,1997
939,World,Parts Per Million,360.98,1997
940,World,Percent,0.35,1997
941,World,Parts Per Million,362.65,1997
942,World,Percent,0.45,1997
943,World,Parts Per Million,364.51,1997
944,World,Percent,0.59,1997
945,World,Parts Per Million,365.39,1998
946,World,Percent,0.59,1998
947,World,Parts Per Million,366.1,1998
948,World,Percent,0.52,1998
949,World,Parts Per Million,367.36,1998
950,World,Percent,0.74,1998
951,World,Parts Per Million,368.79,1998
952,World,Percent,0.63,1998
953,World,Parts Per Million,369.56,1998
954,World,Percent,0.76,1998
955,World,Parts Per Million,369.13,1998
956,World,Percent,0.93,1998
957,World,Parts Per Million,367.98,1998
958,World,Percent,0.97,1998
959,World,Parts Per Million,366.1,1998
960,World,Percent,1.02,1998
961,World,Parts Per Million,364.16,1998
962,World,Percent,1.03,1998
963,World,Parts Per Million,364.54,1998
964,World,Percent,0.99,1998
965,World,Parts Per Million,365.67,1998
966,World,Percent,0.83,1998
967,World,Parts Per Million,367.3,1998
968,World,Percent,0.77,1998
969,World,Parts Per Million,368.35,1999
970,World,Percent,0.81,1999
971,World,Parts Per Million,369.28,1999
972,World,Percent,0.87,1999
973,World,Parts Per Million,369.84,1999
974,World,Percent,0.68,1999
975,World,Parts Per Million,371.15,1999
976,World,Percent,0.64,1999
977,World,Parts Per Million,371.12,1999
978,World,Percent,0.42,1999
979,World,Parts Per Million,370.46,1999
980,World,Percent,0.36,1999
981,World,Parts Per Million,369.61,1999
982,World,Percent,0.44,1999
983,World,Parts Per Million,367.06,1999
984,World,Percent,0.26,1999
985,World,Parts Per Million,364.95,1999
986,World,Percent,0.22,1999
987,World,Parts Per Million,365.52,1999
988,World,Percent,0.27,1999
989,World,Parts Per Million,366.88,1999
990,World,Percent,0.33,1999
991,World,Parts Per Million,368.26,1999
992,World,Percent,0.26,1999
993,World,Parts Per Million,369.45,2000
994,World,Percent,0.3,2000
995,World,Parts Per Million,369.71,2000
996,World,Percent,0.12,2000
997,World,Parts Per Million,370.75,2000
998,World,Percent,0.25,2000
999,World,Parts Per Million,371.98,2000
1000,World,Percent,0.22,2000
1001,World,Parts Per Million,371.75,2000
1002,World,Percent,0.17,2000
1003,World,Parts Per Million,371.87,2000
1004,World,Percent,0.38,2000
1005,World,Parts Per Million,370.02,2000
1006,World,Percent,0.11,2000
1007,World,Parts Per Million,368.27,2000
1008,World,Percent,0.33,2000
1009,World,Parts Per Million,367.15,2000
1010,World,Percent,0.6,2000
1011,World,Parts Per Million,367.18,2000
1012,World,Percent,0.45,2000
1013,World,Parts Per Million,368.53,2000
1014,World,Percent,0.45,2000
1015,World,Parts Per Million,369.83,2000
1016,World,Percent,0.43,2000
1017,World,Parts Per Million,370.76,2001
1018,World,Percent,0.35,2001
1019,World,Parts Per Million,371.69,2001
1020,World,Percent,0.54,2001
1021,World,Parts Per Million,372.63,2001
1022,World,Percent,0.51,2001
1023,World,Parts Per Million,373.55,2001
1024,World,Percent,0.42,2001
1025,World,Parts Per Million,374.03,2001
1026,World,Percent,0.61,2001
1027,World,Parts Per Million,373.4,2001
1028,World,Percent,0.41,2001
1029,World,Parts Per Million,371.68,2001
1030,World,Percent,0.45,2001
1031,World,Parts Per Million,369.78,2001
1032,World,Percent,0.41,2001
1033,World,Parts Per Million,368.34,2001
1034,World,Percent,0.32,2001
1035,World,Parts Per Million,368.61,2001
1036,World,Percent,0.39,2001
1037,World,Parts Per Million,369.94,2001
1038,World,Percent,0.38,2001
1039,World,Parts Per Million,371.42,2001
1040,World,Percent,0.43,2001
1041,World,Parts Per Million,372.7,2002
1042,World,Percent,0.52,2002
1043,World,Parts Per Million,373.37,2002
1044,World,Percent,0.45,2002
1045,World,Parts Per Million,374.3,2002
1046,World,Percent,0.45,2002
1047,World,Parts Per Million,375.19,2002
1048,World,Percent,0.44,2002
1049,World,Parts Per Million,375.93,2002
1050,World,Percent,0.51,2002
1051,World,Parts Per Million,375.69,2002
1052,World,Percent,0.61,2002
1053,World,Parts Per Million,374.16,2002
1054,World,Percent,0.67,2002
1055,World,Parts Per Million,372.03,2002
1056,World,Percent,0.61,2002
1057,World,Parts Per Million,370.92,2002
1058,World,Percent,0.7,2002
1059,World,Parts Per Million,370.73,2002
1060,World,Percent,0.58,2002
1061,World,Parts Per Million,372.43,2002
1062,World,Percent,0.67,2002
1063,World,Parts Per Million,373.98,2002
1064,World,Percent,0.69,2002
1065,World,Parts Per Million,375.07,2003
1066,World,Percent,0.64,2003
1067,World,Parts Per Million,375.82,2003
1068,World,Percent,0.66,2003
1069,World,Parts Per Million,376.64,2003
1070,World,Percent,0.63,2003
1071,World,Parts Per Million,377.92,2003
1072,World,Percent,0.73,2003
1073,World,Parts Per Million,378.78,2003
1074,World,Percent,0.76,2003
1075,World,Parts Per Million,378.46,2003
1076,World,Percent,0.74,2003
1077,World,Parts Per Million,376.88,2003
1078,World,Percent,0.73,2003
1079,World,Parts Per Million,374.57,2003
1080,World,Percent,0.68,2003
1081,World,Parts Per Million,373.34,2003
1082,World,Percent,0.65,2003
1083,World,Parts Per Million,373.31,2003
1084,World,Percent,0.7,2003
1085,World,Parts Per Million,374.84,2003
1086,World,Percent,0.65,2003
1087,World,Parts Per Million,376.17,2003
1088,World,Percent,0.59,2003
1089,World,Parts Per Million,377.17,2004
1090,World,Percent,0.56,2004
1091,World,Parts Per Million,378.05,2004
1092,World,Percent,0.59,2004
1093,World,Parts Per Million,379.06,2004
1094,World,Percent,0.64,2004
1095,World,Parts Per Million,380.54,2004
1096,World,Percent,0.69,2004
1097,World,Parts Per Million,380.8,2004
1098,World,Percent,0.53,2004
1099,World,Parts Per Million,379.87,2004
1100,World,Percent,0.37,2004
1101,World,Parts Per Million,377.65,2004
1102,World,Percent,0.2,2004
1103,World,Parts Per Million,376.17,2004
1104,World,Percent,0.43,2004
1105,World,Parts Per Million,374.43,2004
1106,World,Percent,0.29,2004
1107,World,Parts Per Million,374.63,2004
1108,World,Percent,0.35,2004
1109,World,Parts Per Million,376.33,2004
1110,World,Percent,0.4,2004
1111,World,Parts Per Million,377.68,2004
1112,World,Percent,0.4,2004
1113,World,Parts Per Million,378.63,2005
1114,World,Percent,0.39,2005
1115,World,Parts Per Million,379.91,2005
1116,World,Percent,0.49,2005
1117,World,Parts Per Million,380.95,2005
1118,World,Percent,0.5,2005
1119,World,Parts Per Million,382.48,2005
1120,World,Percent,0.51,2005
1121,World,Parts Per Million,382.64,2005
1122,World,Percent,0.48,2005
1123,World,Parts Per Million,382.4,2005
1124,World,Percent,0.67,2005
1125,World,Parts Per Million,380.93,2005
1126,World,Percent,0.87,2005
1127,World,Parts Per Million,378.93,2005
1128,World,Percent,0.73,2005
1129,World,Parts Per Million,376.89,2005
1130,World,Percent,0.66,2005
1131,World,Parts Per Million,377.19,2005
1132,World,Percent,0.68,2005
1133,World,Parts Per Million,378.54,2005
1134,World,Percent,0.59,2005
1135,World,Parts Per Million,380.31,2005
1136,World,Percent,0.7,2005
1137,World,Parts Per Million,381.58,2006
1138,World,Percent,0.78,2006
1139,World,Parts Per Million,382.4,2006
1140,World,Percent,0.66,2006
1141,World,Parts Per Million,382.86,2006
1142,World,Percent,0.5,2006
1143,World,Parts Per Million,384.8,2006
1144,World,Percent,0.61,2006
1145,World,Parts Per Million,385.22,2006
1146,World,Percent,0.67,2006
1147,World,Parts Per Million,384.24,2006
1148,World,Percent,0.48,2006
1149,World,Parts Per Million,382.65,2006
1150,World,Percent,0.45,2006
1151,World,Parts Per Million,380.6,2006
1152,World,Percent,0.44,2006
1153,World,Parts Per Million,379.04,2006
1154,World,Percent,0.57,2006
1155,World,Parts Per Million,379.33,2006
1156,World,Percent,0.57,2006
1157,World,Parts Per Million,380.35,2006
1158,World,Percent,0.48,2006
1159,World,Parts Per Million,382.02,2006
1160,World,Percent,0.45,2006
1161,World,Parts Per Million,383.1,2007
1162,World,Percent,0.4,2007
1163,World,Parts Per Million,384.12,2007
1164,World,Percent,0.45,2007
1165,World,Parts Per Million,384.81,2007
1166,World,Percent,0.51,2007
1167,World,Parts Per Million,386.73,2007
1168,World,Percent,0.5,2007
1169,World,Parts Per Million,386.78,2007
1170,World,Percent,0.4,2007
1171,World,Parts Per Million,386.33,2007
1172,World,Percent,0.54,2007
1173,World,Parts Per Million,384.73,2007
1174,World,Percent,0.54,2007
1175,World,Parts Per Million,382.24,2007
1176,World,Percent,0.43,2007
1177,World,Parts Per Million,381.2,2007
1178,World,Percent,0.57,2007
1179,World,Parts Per Million,381.37,2007
1180,World,Percent,0.54,2007
1181,World,Parts Per Million,382.7,2007
1182,World,Percent,0.62,2007
1183,World,Parts Per Million,384.19,2007
1184,World,Percent,0.57,2007
1185,World,Parts Per Million,385.78,2008
1186,World,Percent,0.7,2008
1187,World,Parts Per Million,386.06,2008
1188,World,Percent,0.51,2008
1189,World,Parts Per Million,386.28,2008
1190,World,Percent,0.38,2008
1191,World,Parts Per Million,387.33,2008
1192,World,Percent,0.16,2008
1193,World,Parts Per Million,388.78,2008
1194,World,Percent,0.52,2008
1195,World,Parts Per Million,387.99,2008
1196,World,Percent,0.43,2008
1197,World,Parts Per Million,386.61,2008
1198,World,Percent,0.49,2008
1199,World,Parts Per Million,384.32,2008
1200,World,Percent,0.54,2008
1201,World,Parts Per Million,383.41,2008
1202,World,Percent,0.58,2008
1203,World,Parts Per Million,383.21,2008
1204,World,Percent,0.48,2008
1205,World,Parts Per Million,384.41,2008
1206,World,Percent,0.45,2008
1207,World,Parts Per Million,385.79,2008
1208,World,Percent,0.42,2008
1209,World,Parts Per Million,387.17,2009
1210,World,Percent,0.36,2009
1211,World,Parts Per Million,387.7,2009
1212,World,Percent,0.42,2009
1213,World,Parts Per Million,389.04,2009
1214,World,Percent,0.71,2009
1215,World,Parts Per Million,389.76,2009
1216,World,Percent,0.63,2009
1217,World,Parts Per Million,390.36,2009
1218,World,Percent,0.41,2009
1219,World,Parts Per Million,389.7,2009
1220,World,Percent,0.44,2009
1221,World,Parts Per Million,388.24,2009
1222,World,Percent,0.42,2009
1223,World,Parts Per Million,386.29,2009
1224,World,Percent,0.51,2009
1225,World,Parts Per Million,384.95,2009
1226,World,Percent,0.4,2009
1227,World,Parts Per Million,384.64,2009
1228,World,Percent,0.37,2009
1229,World,Parts Per Million,386.23,2009
1230,World,Percent,0.47,2009
1231,World,Parts Per Million,387.63,2009
1232,World,Percent,0.48,2009
1233,World,Parts Per Million,388.91,2010
1234,World,Percent,0.45,2010
1235,World,Parts Per Million,390.41,2010
1236,World,Percent,0.7,2010
1237,World,Parts Per Million,391.37,2010
1238,World,Percent,0.6,2010
1239,World,Parts Per Million,392.67,2010
1240,World,Percent,0.75,2010
1241,World,Parts Per Million,393.21,2010
1242,World,Percent,0.73,2010
1243,World,Parts Per Million,392.38,2010
1244,World,Percent,0.69,2010
1245,World,Parts Per Million,390.41,2010
1246,World,Percent,0.56,2010
1247,World,Parts Per Million,388.54,2010
1248,World,Percent,0.58,2010
1249,World,Parts Per Million,387.03,2010
1250,World,Percent,0.54,2010
1251,World,Parts Per Million,387.43,2010
1252,World,Percent,0.73,2010
1253,World,Parts Per Million,388.87,2010
1254,World,Percent,0.68,2010
1255,World,Parts Per Million,389.99,2010
1256,World,Percent,0.61,2010
1257,World,Parts Per Million,391.5,2011
1258,World,Percent,0.67,2011
1259,World,Parts Per Million,392.05,2011
1260,World,Percent,0.42,2011
1261,World,Parts Per Million,392.8,2011
1262,World,Percent,0.37,2011
1263,World,Parts Per Million,393.44,2011
1264,World,Percent,0.2,2011
1265,World,Parts Per Million,394.41,2011
1266,World,Percent,0.31,2011
1267,World,Parts Per Million,393.95,2011
1268,World,Percent,0.4,2011
1269,World,Parts Per Million,392.72,2011
1270,World,Percent,0.59,2011
1271,World,Parts Per Million,390.33,2011
1272,World,Percent,0.46,2011
1273,World,Parts Per Million,389.28,2011
1274,World,Percent,0.58,2011
1275,World,Parts Per Million,389.19,2011
1276,World,Percent,0.45,2011
1277,World,Parts Per Million,390.48,2011
1278,World,Percent,0.41,2011
1279,World,Parts Per Million,392.06,2011
1280,World,Percent,0.53,2011
1281,World,Parts Per Million,393.31,2012
1282,World,Percent,0.46,2012
1283,World,Parts Per Million,394.04,2012
1284,World,Percent,0.51,2012
1285,World,Parts Per Million,394.59,2012
1286,World,Percent,0.46,2012
1287,World,Parts Per Million,396.38,2012
1288,World,Percent,0.75,2012
1289,World,Parts Per Million,396.93,2012
1290,World,Percent,0.64,2012
1291,World,Parts Per Million,395.91,2012
1292,World,Percent,0.5,2012
1293,World,Parts Per Million,394.56,2012
1294,World,Percent,0.47,2012
1295,World,Parts Per Million,392.59,2012
1296,World,Percent,0.58,2012
1297,World,Parts Per Million,391.32,2012
1298,World,Percent,0.52,2012
1299,World,Parts Per Million,391.27,2012
1300,World,Percent,0.53,2012
1301,World,Parts Per Million,393.2,2012
1302,World,Percent,0.7,2012
1303,World,Parts Per Million,394.57,2012
1304,World,Percent,0.64,2012
1305,World,Parts Per Million,395.78,2013
1306,World,Percent,0.63,2013
1307,World,Parts Per Million,397.03,2013
1308,World,Percent,0.76,2013
1309,World,Parts Per Million,397.66,2013
1310,World,Percent,0.78,2013
1311,World,Parts Per Million,398.64,2013
1312,World,Percent,0.57,2013
1313,World,Parts Per Million,400.02,2013
1314,World,Percent,0.78,2013
1315,World,Parts Per Million,398.81,2013
1316,World,Percent,0.73,2013
1317,World,Parts Per Million,397.51,2013
1318,World,Percent,0.75,2013
1319,World,Parts Per Million,395.39,2013
1320,World,Percent,0.71,2013
1321,World,Parts Per Million,393.72,2013
1322,World,Percent,0.61,2013
1323,World,Parts Per Million,393.9,2013
1324,World,Percent,0.67,2013
1325,World,Parts Per Million,395.36,2013
1326,World,Percent,0.55,2013
1327,World,Parts Per Million,397.03,2013
1328,World,Percent,0.62,2013
1329,World,Parts Per Million,398.04,2014
1330,World,Percent,0.57,2014
1331,World,Parts Per Million,398.27,2014
1332,World,Percent,0.31,2014
1333,World,Parts Per Million,399.91,2014
1334,World,Percent,0.57,2014
1335,World,Parts Per Million,401.51,2014
1336,World,Percent,0.72,2014
1337,World,Parts Per Million,401.96,2014
1338,World,Percent,0.48,2014
1339,World,Parts Per Million,401.43,2014
1340,World,Percent,0.66,2014
1341,World,Parts Per Million,399.27,2014
1342,World,Percent,0.44,2014
1343,World,Parts Per Million,397.18,2014
1344,World,Percent,0.45,2014
1345,World,Parts Per Million,395.54,2014
1346,World,Percent,0.46,2014
1347,World,Parts Per Million,396.16,2014
1348,World,Percent,0.57,2014
1349,World,Parts Per Million,397.4,2014
1350,World,Percent,0.52,2014
1351,World,Parts Per Million,399.08,2014
1352,World,Percent,0.52,2014
1353,World,Parts Per Million,400.18,2015
1354,World,Percent,0.54,2015
1355,World,Parts Per Million,400.55,2015
1356,World,Percent,0.57,2015
1357,World,Parts Per Million,401.74,2015
1358,World,Percent,0.46,2015
1359,World,Parts Per Million,403.35,2015
1360,World,Percent,0.46,2015
1361,World,Parts Per Million,404.15,2015
1362,World,Percent,0.54,2015
1363,World,Parts Per Million,402.97,2015
1364,World,Percent,0.38,2015
1365,World,Parts Per Million,401.46,2015
1366,World,Percent,0.55,2015
1367,World,Parts Per Million,399.11,2015
1368,World,Percent,0.49,2015
1369,World,Parts Per Million,397.82,2015
1370,World,Percent,0.58,2015
1371,World,Parts Per Million,398.49,2015
1372,World,Percent,0.59,2015
1373,World,Parts Per Million,400.27,2015
1374,World,Percent,0.72,2015
1375,World,Parts Per Million,402.06,2015
1376,World,Percent,0.75,2015
1377,World,Parts Per Million,402.73,2016
1378,World,Percent,0.64,2016
1379,World,Parts Per Million,404.25,2016
1380,World,Percent,0.92,2016
1381,World,Parts Per Million,405.06,2016
1382,World,Percent,0.83,2016
1383,World,Parts Per Million,407.6,2016
1384,World,Percent,1.05,2016
1385,World,Parts Per Million,407.9,2016
1386,World,Percent,0.93,2016
1387,World,Parts Per Million,406.99,2016
1388,World,Percent,1.0,2016
1389,World,Parts Per Million,404.59,2016
1390,World,Percent,0.78,2016
1391,World,Parts Per Million,402.45,2016
1392,World,Percent,0.84,2016
1393,World,Parts Per Million,401.23,2016
1394,World,Percent,0.86,2016
1395,World,Parts Per Million,401.79,2016
1396,World,Percent,0.83,2016
1397,World,Parts Per Million,403.72,2016
1398,World,Percent,0.86,2016
1399,World,Parts Per Million,404.64,2016
1400,World,Percent,0.64,2016
1401,World,Parts Per Million,406.36,2017
1402,World,Percent,0.9,2017
1403,World,Parts Per Million,406.66,2017
1404,World,Percent,0.6,2017
1405,World,Parts Per Million,407.54,2017
1406,World,Percent,0.61,2017
1407,World,Parts Per Million,409.22,2017
1408,World,Percent,0.4,2017
1409,World,Parts Per Million,409.89,2017
1410,World,Percent,0.49,2017
1411,World,Parts Per Million,409.08,2017
1412,World,Percent,0.51,2017
1413,World,Parts Per Million,407.33,2017
1414,World,Percent,0.68,2017
1415,World,Parts Per Million,405.32,2017
1416,World,Percent,0.71,2017
1417,World,Parts Per Million,403.57,2017
1418,World,Percent,0.58,2017
1419,World,Parts Per Million,403.82,2017
1420,World,Percent,0.51,2017
1421,World,Parts Per Million,405.31,2017
1422,World,Percent,0.39,2017
1423,World,Parts Per Million,407.0,2017
1424,World,Percent,0.58,2017
1425,World,Parts Per Million,408.15,2018
1426,World,Percent,0.44,2018
1427,World,Parts Per Million,408.52,2018
1428,World,Percent,0.46,2018
1429,World,Parts Per Million,409.59,2018
1430,World,Percent,0.5,2018
1431,World,Parts Per Million,410.45,2018
1432,World,Percent,0.3,2018
1433,World,Parts Per Million,411.44,2018
1434,World,Percent,0.38,2018
1435,World,Parts Per Million,410.99,2018
1436,World,Percent,0.47,2018
1437,World,Parts Per Million,408.9,2018
1438,World,Percent,0.39,2018
1439,World,Parts Per Million,407.16,2018
1440,World,Percent,0.45,2018
1441,World,Parts Per Million,405.71,2018
1442,World,Percent,0.53,2018
1443,World,Parts Per Million,406.19,2018
1444,World,Percent,0.59,2018
1445,World,Parts Per Million,408.21,2018
1446,World,Percent,0.72,2018
1447,World,Parts Per Million,409.27,2018
1448,World,Percent,0.56,2018
1449,World,Parts Per Million,411.03,2019
1450,World,Percent,0.71,2019
1451,World,Parts Per Million,411.96,2019
1452,World,Percent,0.84,2019
1453,World,Parts Per Million,412.18,2019
1454,World,Percent,0.63,2019
1455,World,Parts Per Million,413.54,2019
1456,World,Percent,0.75,2019
1457,World,Parts Per Million,414.86,2019
1458,World,Percent,0.83,2019
1459,World,Parts Per Million,414.16,2019
1460,World,Percent,0.77,2019
1461,World,Parts Per Million,411.97,2019
1462,World,Percent,0.75,2019
1463,World,Parts Per Million,410.18,2019
1464,World,Percent,0.74,2019
1465,World,Parts Per Million,408.76,2019
1466,World,Percent,0.75,2019
1467,World,Parts Per Million,408.75,2019
1468,World,Percent,0.63,2019
1469,World,Parts Per Million,410.48,2019
1470,World,Percent,0.56,2019
1471,World,Parts Per Million,411.98,2019
1472,World,Percent,0.66,2019
1473,World,Parts Per Million,413.61,2020
1474,World,Percent,0.63,2020
1475,World,Parts Per Million,414.34,2020
1476,World,Percent,0.58,2020
1477,World,Parts Per Million,414.74,2020
1478,World,Percent,0.62,2020
1479,World,Parts Per Million,416.45,2020
1480,World,Percent,0.7,2020
1481,World,Parts Per Million,417.31,2020
1482,World,Percent,0.59,2020
1483,World,Parts Per Million,416.6,2020
1484,World,Percent,0.59,2020
1485,World,Parts Per Million,414.62,2020
1486,World,Percent,0.64,2020
1487,World,Parts Per Million,412.78,2020
1488,World,Percent,0.63,2020
1489,World,Parts Per Million,411.52,2020
1490,World,Percent,0.68,2020
1491,World,Parts Per Million,411.51,2020
1492,World,Percent,0.68,2020
1493,World,Parts Per Million,413.12,2020
1494,World,Percent,0.64,2020
1495,World,Parts Per Million,414.26,2020
1496,World,Percent,0.55,2020
1497,World,Parts Per Million,415.52,2021
1498,World,Percent,0.46,2021
1499,World,Parts Per Million,416.75,2021
1500,World,Percent,0.58,2021
1501,World,Parts Per Million,417.64,2021
1502,World,Percent,0.7,2021
1503,World,Parts Per Million,419.05,2021
1504,World,Percent,0.62,2021
1505,World,Parts Per Million,419.13,2021
1506,World,Percent,0.44,2021
1507,World,Parts Per Million,418.94,2021
1508,World,Percent,0.56,2021
1509,World,Parts Per Million,416.96,2021
1510,World,Percent,0.56,2021
1511,World,Parts Per Million,414.47,2021
1512,World,Percent,0.41,2021
1513,World,Parts Per Million,413.3,2021
1514,World,Percent,0.43,2021
1515,World,Parts Per Million,413.93,2021
1516,World,Percent,0.59,2021
1517,World,Parts Per Million,415.01,2021
1518,World,Percent,0.46,2021
1519,World,Parts Per Million,416.71,2021
1520,World,Percent,0.59,2021
1521,World,Parts Per Million,418.19,2022
1522,World,Percent,0.64,2022
1523,World,Parts Per Million,419.28,2022
1524,World,Percent,0.61,2022
1525,World,Parts Per Million,418.81,2022
1526,World,Percent,0.28,2022
1527,World,Parts Per Million,420.23,2022
1528,World,Percent,0.28,2022
1529,World,Parts Per Million,420.99,2022
1530,World,Percent,0.44,2022
1531,World,Parts Per Million,420.99,2022
1532,World,Percent,0.49,2022
1533,World,Parts Per Million,418.9,2022
1534,World,Percent,0.47,2022
1535,World,Parts Per Million,417.19,2022
1536,World,Percent,0.66,2022
1537,World,Parts Per Million,415.95,2022
1538,World,Percent,0.64,2022
1539,World,Parts Per Million,415.78,2022
1540,World,Percent,0.45,2022
1541,World,Parts Per Million,417.51,2022
1542,World,Percent,0.6,2022
1543,World,Parts Per Million,418.95,2022
1544,World,Percent,0.54,2022
1545,World,Parts Per Million,419.47,2023
1546,World,Percent,0.31,2023
1547,World,Parts Per Million,420.41,2023
1548,World,Percent,0.27,2023
