ObjectId,Country,Unit,F1980,F1981,F1982,F1983,F1984,F1985,F1986,F1987,F1988,F1989,F1990,F1991,F1992,F1993,F1994,F1995,F1996,F1997,F1998,F1999,F2000,F2001,F2002,F2003,F2004,F2005,F2006,F2007,F2008,F2009,F2010,F2011,F2012,F2013,F2014,F2015,F2016,F2017,F2018,F2019,F2020,F2021,F2022
1,"Afghanistan, Islamic Rep. of",Number of,,,,,,,,,,,,,,,,,,,,,1.0,,,,,,1.0,,1.0,,,1.0,,,,,,,1.0,,,1.0,
2,"Afghanistan, Islamic Rep. of",Number of,,,,,,,,,,,1.0,1.0,,,,,,,,,,2.0,,,,1.0,,,1.0,,,,1.0,,,,,,,,,,
3,"Afghanistan, Islamic Rep. of",Number of,1.0,,,,,,,,1.0,,,3.0,2.0,,,2.0,1.0,2.0,1.0,1.0,,,4.0,8.0,2.0,8.0,7.0,7.0,1.0,3.0,2.0,2.0,6.0,4.0,2.0,1.0,4.0,1.0,3.0,6.0,5.0,2.0,5.0
4,"Afghanistan, Islamic Rep. of",Number of,,,,,,,,1.0,,,,,,2.0,,1.0,,1.0,1.0,,,,1.0,,,,2.0,,,1.0,2.0,,3.0,1.0,,4.0,,2.0,1.0,1.0,1.0,1.0,1.0
5,"Afghanistan, Islamic Rep. of",Number of,,,,,,,,,,,,,,1.0,,,,,,,,,,,,1.0,2.0,,,,,1.0,,,1.0,,,2.0,,,1.0,,
6,"Afghanistan, Islamic Rep. of",Number of,1.0,,,,,,,1.0,1.0,,1.0,4.0,2.0,3.0,,3.0,1.0,3.0,2.0,2.0,1.0,2.0,5.0,8.0,2.0,10.0,12.0,7.0,3.0,4.0,4.0,4.0,10.0,5.0,3.0,5.0,4.0,5.0,5.0,7.0,7.0,4.0,6.0
7,"Afghanistan, Islamic Rep. of",Number of,,,,,,,,,,,,,,,,,,,,1.0,,,,,,,,,,,,,,,,,,,,,,,
8,Albania,Number of,,,,,,,,,,1.0,,,,,,,,,,,,,,,,,,,,,,,,,,,,,,,,,
9,Albania,Number of,,,,,,1.0,,,,,,,,,,,,,,,,,,,1.0,,,1.0,,,,,1.0,,,,,1.0,,,,,
10,Albania,Number of,,,,,,,,,,,,,1.0,,,2.0,,1.0,,,,,1.0,,1.0,1.0,,,,1.0,1.0,,,,,3.0,1.0,1.0,1.0,,,1.0,
11,Albania,Number of,,,,,,1.0,,,,,,,,,,,,,,,,,,,,,,,,,,,,,,,,,,,,,
12,Albania,Number of,,,,,,,,,,,,,,,,,,,,,,,1.0,,,1.0,,,,,,,,,,,,,,,,,
13,Albania,Number of,,,,,,2.0,,,,1.0,,,1.0,,,2.0,,1.0,,,,,2.0,,2.0,2.0,,2.0,,1.0,1.0,,1.0,,,3.0,1.0,2.0,1.0,,,1.0,
14,Albania,Number of,,,,,,,,,,,,,,,,,,,,,,,,,,,,1.0,,,,,,,,,,,,,,,
15,Algeria,Number of,,1.0,,,,,,,,,,,,,,,,,,,,,,,,,,,,,,,,,,,,,,,,,
16,Algeria,Number of,,,,,,,,,,,,,,,,,,,,,,,,1.0,,,,,,,,,,,,,,1.0,,1.0,,,
17,Algeria,Number of,,1.0,1.0,,1.0,1.0,,,,,,,1.0,1.0,2.0,,1.0,1.0,,1.0,4.0,1.0,3.0,3.0,2.0,2.0,1.0,6.0,1.0,2.0,,1.0,2.0,,,2.0,,,1.0,,,2.0,
18,Algeria,Number of,,,,,,,,,,,,,,1.0,,,,,,,,,,,,,,,,,,,,,,,,,,,,,
19,Algeria,Number of,,,,,,,,,1.0,,,,,,,,,,,,1.0,,,1.0,,1.0,,,,,,,,,,,,,,,,,
20,Algeria,Number of,,2.0,1.0,,1.0,1.0,,,1.0,,,,1.0,2.0,3.0,,1.0,1.0,,1.0,5.0,1.0,3.0,5.0,2.0,3.0,1.0,7.0,1.0,2.0,,1.0,2.0,,,2.0,,1.0,1.0,1.0,,3.0,1.0
21,Algeria,Number of,,,,,,,,,,,,,,,1.0,,,,,,,,,,,,,1.0,,,,,,,,,,,,,,1.0,1.0
22,American Samoa,Number of,,,,,,,,,,,,,,,,,,,,,,,,1.0,,,,,,,,,,,,,,,,,,,
23,American Samoa,Number of,,,,,,,,,,1.0,,,,,,,,,,,,,,,1.0,1.0,,,,,,,,,,,,,,,,,
24,American Samoa,Number of,,,,,,,,,,1.0,,,,,,,,,,,,,,1.0,1.0,1.0,,,,,,,,,,,,,,,,,
25,Angola,Number of,,1.0,,,,1.0,,,,1.0,,,,,,,,1.0,,,,1.0,,,1.0,,,,,,,,1.0,,,,,1.0,,,1.0,,
26,Angola,Number of,,,,,,,,,,1.0,,,,,,,,,,,4.0,2.0,1.0,2.0,3.0,1.0,1.0,2.0,1.0,3.0,3.0,4.0,,1.0,,3.0,4.0,1.0,1.0,3.0,2.0,2.0,
27,Angola,Number of,,,,,,,,,,,,,,,,,,,,,1.0,,,,,,,,,,,,,,,,,,,,,,
28,Angola,Number of,,1.0,,,,1.0,,,,2.0,,,,,,,,1.0,,,5.0,3.0,1.0,2.0,4.0,1.0,1.0,2.0,1.0,3.0,3.0,4.0,1.0,1.0,,3.0,4.0,2.0,1.0,3.0,3.0,2.0,
29,Anguilla,Number of,,,,,,,,,,,,,,,,,,,,1.0,,,,,,,,,,,,,,,,,,1.0,,,,,
30,Anguilla,Number of,,,,,,,,,,,,,,,,,,,,1.0,,,,,,,,,,,,,,,,,,1.0,,,,,
31,Antigua and Barbuda,Number of,,,,1.0,,,,,,,,,,,,,,,,,,,,,,,,,,,,,,,,,,,,,,,
32,Antigua and Barbuda,Number of,,,,,,,,,,1.0,1.0,,,,,1.0,,,1.0,2.0,,,,,,,,,1.0,,1.0,,,,,,,1.0,,,,,
33,Antigua and Barbuda,Number of,,,,1.0,,,,,,1.0,1.0,,,,,1.0,,,1.0,2.0,,,,,,,,,1.0,,1.0,,,,,,,1.0,,,,,
34,Argentina,Number of,,,,,,,,,,,,,,,,,,,,,,,,1.0,,,,,,1.0,,,,,,,,,1.0,1.0,,,
35,Argentina,Number of,,,,,,,,,,,,,,,,1.0,,,,,1.0,1.0,1.0,,1.0,,,1.0,,,1.0,,,,,,,,,,,,
36,Argentina,Number of,2.0,,1.0,2.0,,2.0,1.0,1.0,1.0,,1.0,,2.0,3.0,,2.0,,1.0,1.0,,4.0,3.0,1.0,2.0,2.0,,1.0,2.0,1.0,2.0,,,1.0,1.0,3.0,3.0,2.0,3.0,3.0,3.0,1.0,1.0,
37,Argentina,Number of,,,,,1.0,,,,,,,,,,,,,,,,,,,,,,,,,1.0,,,,,1.0,,,1.0,,,,,
38,Argentina,Number of,,,,,,,1.0,1.0,,,,,,1.0,,1.0,,,1.0,,2.0,2.0,1.0,1.0,,1.0,,,,1.0,,,2.0,1.0,,1.0,,,1.0,,1.0,,
39,Argentina,Number of,2.0,,1.0,2.0,1.0,2.0,2.0,3.0,1.0,,1.0,,2.0,4.0,1.0,4.0,,1.0,2.0,1.0,8.0,7.0,3.0,4.0,3.0,1.0,1.0,3.0,1.0,5.0,1.0,,3.0,2.0,4.0,4.0,2.0,4.0,5.0,4.0,2.0,2.0,1.0
40,Argentina,Number of,,,,,,,,1.0,,,,,,,1.0,,,,,1.0,1.0,1.0,,,,,,,,,,,,,,,,,,,,1.0,1.0
41,"Armenia, Rep. of",Number of,,,,,,,,,,,,,,,,,,,,,1.0,,,,,,,,,,,,,,,,,,,,,,
42,"Armenia, Rep. of",Number of,,,,,,,,,,,,,,,,,,,,,,,,,,,,,,,,,,1.0,,,,,,,,,
43,"Armenia, Rep. of",Number of,,,,,,,,,,,,,,,,,,1.0,1.0,,,,,,1.0,,,,,,,,,,,,,,,,,,
44,"Armenia, Rep. of",Number of,,,,,,,,,,,,,,,,,,,,,,,,,,,,,,,,,,,,,1.0,,,,,,
45,"Armenia, Rep. of",Number of,,,,,,,,,,,,,,,,,,,,,,,,,,,,,,,,,,1.0,,,,,1.0,1.0,1.0,,
46,"Armenia, Rep. of",Number of,,,,,,,,,,,,,,,,,,1.0,1.0,,1.0,,,,1.0,,,,,,,,,2.0,,,1.0,,1.0,1.0,1.0,,
47,Australia,Number of,,1.0,,,,,,,,,,1.0,1.0,,,,,,,,,,1.0,,,,1.0,,,,,,,,,,,,1.0,,,,
48,Australia,Number of,,,,,,,,,,,,,,1.0,2.0,1.0,,,,,,,,,,,,,,1.0,,,,,1.0,,,,1.0,,,,
49,Australia,Number of,,1.0,,,1.0,,1.0,,2.0,1.0,2.0,,,1.0,,,2.0,1.0,6.0,,1.0,4.0,,4.0,3.0,1.0,1.0,1.0,4.0,2.0,5.0,1.0,2.0,,,1.0,1.0,,1.0,1.0,1.0,4.0,5.0
50,Australia,Number of,,,,,,,,,,,,,,,,,1.0,1.0,,,,,,,,,,,,,,,,,,,,,,,,,
51,Australia,Number of,,,3.0,,,1.0,3.0,,1.0,2.0,1.0,2.0,2.0,2.0,4.0,4.0,6.0,,,4.0,3.0,3.0,3.0,5.0,3.0,2.0,3.0,1.0,1.0,2.0,3.0,1.0,,1.0,1.0,4.0,1.0,2.0,,,2.0,2.0,
52,Australia,Number of,,2.0,3.0,1.0,1.0,3.0,4.0,,3.0,3.0,4.0,3.0,3.0,4.0,8.0,5.0,9.0,4.0,6.0,5.0,5.0,9.0,5.0,10.0,6.0,4.0,8.0,2.0,5.0,6.0,8.0,3.0,2.0,3.0,4.0,8.0,3.0,3.0,3.0,3.0,3.0,7.0,5.0
53,Australia,Number of,,,,1.0,,2.0,,,,,1.0,,,,2.0,,,2.0,,1.0,1.0,2.0,1.0,1.0,,1.0,3.0,,,1.0,,1.0,,2.0,2.0,3.0,1.0,1.0,,2.0,,1.0,
54,Austria,Number of,,,,,,,,,,,,,,,,,,,,,,,,1.0,,1.0,,1.0,,1.0,,,1.0,,,,,,,1.0,,,
55,Austria,Number of,1.0,,1.0,1.0,,1.0,,,,,,1.0,,,,1.0,1.0,1.0,,1.0,,,1.0,,,2.0,1.0,,,2.0,,,,1.0,,,1.0,,,,,1.0,
56,Austria,Number of,,,1.0,,1.0,,,,,,,,,,,,,,,1.0,1.0,,,,,,,,,,,,,,,,,,,,,,
57,Austria,Number of,,1.0,,,1.0,,,,,,5.0,1.0,,1.0,1.0,,,,,,1.0,,2.0,,,,,1.0,1.0,1.0,,,,,,,,2.0,,1.0,,,1.0
58,Austria,Number of,1.0,1.0,2.0,1.0,2.0,1.0,,,,,5.0,2.0,,1.0,1.0,1.0,1.0,1.0,,2.0,2.0,,3.0,1.0,,3.0,1.0,2.0,1.0,4.0,,,1.0,1.0,,,1.0,2.0,,2.0,,1.0,1.0
59,"Azerbaijan, Rep. of",Number of,,,,,,,,,,,,,,,,,,,,,1.0,,,,,,,,,,,,,,,,,,,,,,
60,"Azerbaijan, Rep. of",Number of,,,,,,,,,,,,,,,,,,,,,,,,,,,,,,,,,1.0,,,,,,,,,,
61,"Azerbaijan, Rep. of",Number of,,,,,,,,,,,,,,,,3.0,,1.0,,,,,,1.0,,,,,,1.0,1.0,,,,,,,,,,,,
62,"Azerbaijan, Rep. of",Number of,,,,,,,,,,,,,,,,,,,,,1.0,,,,,,,,,,,,,,,,,,,,,,
63,"Azerbaijan, Rep. of",Number of,,,,,,,,,,,,,,,,3.0,,1.0,,,2.0,,,1.0,,,,,,1.0,1.0,,1.0,,,,,,,,,,
64,Azores Island,Number of,,,,,,,,,,,,,,,,,,1.0,,,,,,,,,,,,,,,,,,,,,,,,,
65,Azores Island,Number of,,,,,,,,,,,,,,,,,1.0,,,,,,,,,,,,,,,,,,,,,,,,,,
66,Azores Island,Number of,,,,,,,,,,,,,,,,,1.0,1.0,,,,,,,,,,,,,,,,,,,,,,,,,
67,"Bahamas, The",Number of,,,,,,,,,1.0,,,,,,,,,,,,,,,,,,,,,,,,,1.0,,,,,,,,,
68,"Bahamas, The",Number of,,,,,,,,,,,1.0,,1.0,,,1.0,,,,1.0,,1.0,,,3.0,1.0,,1.0,2.0,,,1.0,1.0,,,1.0,1.0,1.0,,1.0,,,
69,"Bahamas, The",Number of,,,,,,,,,1.0,,1.0,,1.0,,,1.0,,,,1.0,,1.0,,,3.0,1.0,,1.0,2.0,,,1.0,1.0,1.0,,1.0,1.0,1.0,,1.0,,,
70,Bangladesh,Number of,,,1.0,,,,,,,1.0,,,,,,,,,,,,,,,,,,,,1.0,,,,,,,,,,,,,
71,Bangladesh,Number of,,,,,,,,,,2.0,2.0,1.0,,,1.0,1.0,1.0,1.0,1.0,,1.0,1.0,1.0,2.0,,2.0,,1.0,,1.0,,2.0,1.0,,,,,,1.0,1.0,,,
72,Bangladesh,Number of,1.0,,1.0,4.0,1.0,2.0,2.0,2.0,2.0,1.0,2.0,3.0,3.0,3.0,4.0,4.0,2.0,1.0,1.0,5.0,3.0,2.0,1.0,2.0,3.0,3.0,2.0,2.0,2.0,2.0,2.0,1.0,2.0,,2.0,2.0,1.0,2.0,2.0,1.0,1.0,1.0,1.0
73,Bangladesh,Number of,,,,,,,,,,,,,,,,,,,,,,,,,,,,,1.0,,1.0,1.0,,,,1.0,,1.0,,1.0,,,
74,Bangladesh,Number of,1.0,3.0,,4.0,,3.0,4.0,1.0,4.0,2.0,4.0,2.0,2.0,8.0,4.0,4.0,4.0,5.0,5.0,6.0,7.0,4.0,4.0,3.0,4.0,7.0,5.0,2.0,2.0,2.0,3.0,1.0,2.0,3.0,2.0,4.0,2.0,2.0,1.0,3.0,1.0,1.0,1.0
75,Bangladesh,Number of,2.0,3.0,2.0,8.0,1.0,5.0,6.0,3.0,6.0,6.0,8.0,6.0,5.0,11.0,9.0,9.0,7.0,7.0,7.0,11.0,11.0,7.0,6.0,7.0,7.0,12.0,7.0,5.0,5.0,6.0,6.0,5.0,5.0,3.0,4.0,7.0,3.0,5.0,4.0,6.0,2.0,2.0,2.0
76,Barbados,Number of,,,,,,,,,,,,,,,,,,,,,,,,,,,,,,,1.0,,,,,,,,,,,,
77,Barbados,Number of,,,,,1.0,,,,,,,,,,,,,,,,,,,,,,,,,,,,,,,,,,,,,,
78,Barbados,Number of,1.0,,,,,,,1.0,,,,,,,,1.0,,,,,,,1.0,,1.0,,,,,,1.0,,,,,,,1.0,,,,1.0,
79,Barbados,Number of,1.0,,,,1.0,,,1.0,,,,,,,,1.0,,,,,,,1.0,,1.0,,,,,,2.0,,,,,,,1.0,,,,1.0,
80,"Belarus, Rep. of",Number of,,,,,,,,,,,,,,,,,,,,,1.0,,,,,1.0,,,,,,,1.0,1.0,1.0,,,1.0,,,,,
81,"Belarus, Rep. of",Number of,,,,,,,,,,,,,,1.0,,,1.0,,,1.0,,,,,,,,,,,,,,,,,,,1.0,,,,
82,"Belarus, Rep. of",Number of,,,,,,,,,,,,,,,,,,1.0,,,,,,,,,,1.0,,,,,,,,,,,,,,,
83,"Belarus, Rep. of",Number of,,,,,,,,,,,,,,1.0,,,1.0,1.0,,1.0,1.0,,,,,1.0,,1.0,,,,,1.0,1.0,1.0,,,1.0,1.0,,,,
84,Belgium,Number of,,,,,,1.0,,,,,,,,,,,,,,,,,,1.0,,2.0,1.0,,1.0,,,,1.0,,,1.0,,,1.0,3.0,1.0,,
85,Belgium,Number of,,,,,,,,,,,,,,2.0,1.0,,,,1.0,,,,4.0,1.0,,1.0,,,,,1.0,1.0,,,,,1.0,,,,,1.0,
86,Belgium,Number of,,,,,1.0,1.0,,,,,6.0,,,,,1.0,,,1.0,2.0,,,1.0,,,,,1.0,1.0,,2.0,1.0,,2.0,1.0,,1.0,,1.0,,1.0,2.0,1.0
87,Belgium,Number of,,,,,1.0,2.0,,,,,6.0,,,2.0,1.0,1.0,,,2.0,2.0,,,5.0,2.0,,3.0,1.0,1.0,2.0,,3.0,2.0,1.0,2.0,1.0,1.0,2.0,,2.0,3.0,2.0,3.0,1.0
88,Belize,Number of,,,,,,,,,,,1.0,,,,,,,,,,,,,,,,,,,,,,,,,,,,,,,,
89,Belize,Number of,,,,,,,,,,,1.0,,,,,1.0,,,,,,,,,,,,,1.0,,,,,,,1.0,,,,,,,
90,Belize,Number of,,,,,,,,,,,,,,,,,,,1.0,,1.0,2.0,,,,2.0,,1.0,1.0,,1.0,,,,,,1.0,,,,1.0,,1.0
91,Belize,Number of,,,,,,,,,,,2.0,,,,,1.0,,,1.0,,1.0,2.0,,,,2.0,,1.0,2.0,,1.0,,,,,1.0,1.0,,,,1.0,,1.0
92,Benin,Number of,1.0,,,,,,,,,,,,,,,,,,,,,,,,,,,,,,,,,,,,,,,,,,
93,Benin,Number of,,,1.0,,,1.0,,,1.0,,,1.0,,,1.0,1.0,1.0,1.0,1.0,1.0,,,,,,,,1.0,1.0,2.0,1.0,1.0,1.0,1.0,,,,,,,1.0,1.0,1.0
94,Benin,Number of,,,,,,,,,,,,,,,,,,,,,,,,,,,,,,1.0,,,,,,,,,,,,,
95,Benin,Number of,1.0,,1.0,,1.0,1.0,,,1.0,,,1.0,,,1.0,1.0,1.0,1.0,1.0,1.0,,,,,,,,1.0,1.0,3.0,1.0,1.0,1.0,2.0,,,,,,,1.0,1.0,1.0
96,Benin,Number of,,,,,1.0,,,,,,,,,,,,,,,,,,,,,,,,,,,,,1.0,,,,,,,,,
97,Bermuda,Number of,,,,,,1.0,1.0,1.0,,1.0,,,,,,,,,,,,,,1.0,,,,,,,,,,,,,,,,,,,
98,Bermuda,Number of,,,,,,1.0,1.0,1.0,,1.0,,,,,,,,,,,,,,1.0,,,,,,,,,,,,,,,,,,,
99,Bhutan,Number of,,,,,,,,,,,,,,,1.0,,,,,,1.0,,,,1.0,,,,,,,,,,,,,,,,,1.0,
100,Bhutan,Number of,,,,,,,,,,,,,,,1.0,,,,,,,,,,,,,,,1.0,,,,,,,,,,,,,
101,Bhutan,Number of,,,,,,,,,,,,,,,2.0,,,,,1.0,1.0,,,,1.0,,,,,1.0,,,,,,,,,,,,1.0,
102,Bhutan,Number of,,,,,,,,,,,,,,,,,,,,1.0,,,,,,,,,,,,,,,,,,,,,,,
103,Bolivia,Number of,,,,2.0,,,,,1.0,,1.0,,,,1.0,,,,,,1.0,,,,1.0,,,,1.0,,1.0,,,1.0,1.0,,1.0,,,,,,
104,Bolivia,Number of,,,,,,,,,,,,,,,,,,,,,1.0,1.0,,,,,,1.0,,,1.0,,,1.0,,,,,,,,,
105,Bolivia,Number of,1.0,,1.0,1.0,1.0,1.0,1.0,1.0,,,,,2.0,,,,,2.0,,1.0,2.0,1.0,1.0,3.0,,,2.0,2.0,,1.0,1.0,1.0,1.0,2.0,2.0,1.0,2.0,,1.0,2.0,2.0,7.0,1.0
106,Bolivia,Number of,,,,,,,,,,,,,1.0,,1.0,,1.0,,1.0,,,,,1.0,,,,,,,,1.0,,1.0,1.0,,,,,1.0,,,
107,Bolivia,Number of,,,,,,,,,,,,,,,,,,,,,,,1.0,,,,,,1.0,,,,,,,,,,,,,,
108,Bolivia,Number of,1.0,,1.0,3.0,1.0,1.0,1.0,1.0,1.0,,1.0,,3.0,,2.0,,1.0,2.0,1.0,2.0,4.0,2.0,3.0,4.0,1.0,1.0,2.0,3.0,2.0,1.0,4.0,2.0,1.0,5.0,4.0,1.0,3.0,,1.0,4.0,3.0,7.0,1.0
109,Bolivia,Number of,,,,,,,,,,,,,,,,,,,,1.0,,,1.0,,,1.0,,,,,1.0,,,,,,,,,1.0,1.0,,
110,Bosnia and Herzegovina,Number of,,,,,,,,,,,,,,,,,,,,,1.0,,,1.0,,,,,,,,,,,,,,,,,,,
111,Bosnia and Herzegovina,Number of,,,,,,,,,,,,,,,,,,,,,,,,,,,,1.0,,1.0,1.0,,1.0,,,,,,,,,,
112,Bosnia and Herzegovina,Number of,,,,,,,,,,,,,,,,,,,,,,1.0,,,2.0,1.0,,,,2.0,2.0,,,,4.0,1.0,,,,2.0,1.0,1.0,1.0
113,Bosnia and Herzegovina,Number of,,,,,,,,,,,,,,,,,,,,,1.0,,,,,,,,,,,,,,,,,,,,,,
114,Bosnia and Herzegovina,Number of,,,,,,,,,,,,,,,,,,,,1.0,,,,,,1.0,,,,,,,,,,,,,,,,,
115,Bosnia and Herzegovina,Number of,,,,,,,,,,,,,,,,,,,,1.0,2.0,1.0,,1.0,2.0,2.0,,1.0,,3.0,3.0,,1.0,,4.0,1.0,,,,2.0,1.0,1.0,1.0
116,Botswana,Number of,,1.0,,,,,,,,,1.0,,,,,,,,,,,,,,,,,,,,,,,,,1.0,,,,1.0,,,
117,Botswana,Number of,,,,,,,,,1.0,,,,,,,1.0,,,,,1.0,,,,1.0,,,,,2.0,,1.0,,1.0,,,,1.0,1.0,,,,
118,Botswana,Number of,,,,,,,,,,,,,,,,,,,,,,,,,,,,,,1.0,,,,,,,,,,,,,
119,Botswana,Number of,,1.0,,,,,,,1.0,,1.0,,,,,1.0,,,,,1.0,,,,1.0,,,,,3.0,,1.0,,1.0,,1.0,,1.0,1.0,1.0,,,
120,Brazil,Number of,,,,1.0,,1.0,,1.0,1.0,,,,,,1.0,,,,1.0,,,1.0,1.0,,1.0,1.0,,1.0,,,1.0,,1.0,,1.0,,,,,,1.0,1.0,1.0
121,Brazil,Number of,,,,,,,,,1.0,,,,,,1.0,,,,,,1.0,,,,1.0,,,,,,1.0,,,,,,,,,,,,
122,Brazil,Number of,2.0,2.0,,2.0,5.0,2.0,1.0,2.0,3.0,4.0,2.0,1.0,4.0,,,3.0,1.0,3.0,5.0,1.0,4.0,3.0,2.0,5.0,2.0,2.0,2.0,3.0,4.0,7.0,3.0,8.0,2.0,5.0,4.0,4.0,2.0,1.0,2.0,7.0,5.0,8.0,11.0
123,Brazil,Number of,,,,1.0,,,,,,3.0,,1.0,1.0,,,2.0,3.0,,,1.0,1.0,,2.0,,,,,1.0,,1.0,,,,,,1.0,,,1.0,,,,
124,Brazil,Number of,1.0,,1.0,,1.0,1.0,,,,1.0,,,,,1.0,,,1.0,,,,1.0,,,1.0,1.0,,,1.0,1.0,,,,1.0,,1.0,,,,,1.0,,
125,Brazil,Number of,3.0,2.0,1.0,4.0,6.0,4.0,1.0,3.0,5.0,8.0,2.0,2.0,5.0,,3.0,5.0,4.0,4.0,8.0,3.0,6.0,5.0,5.0,5.0,5.0,4.0,2.0,5.0,5.0,9.0,5.0,8.0,3.0,6.0,5.0,6.0,2.0,1.0,3.0,8.0,7.0,9.0,12.0
126,Brazil,Number of,,,,,,,,,,,,,,,,,,,2.0,1.0,,,,,,,,,,,,,,,,,,,,1.0,,,
127,British Virgin Islands,Number of,,,,,,,,,,,,,,,,,1.0,,,,,,,,,,,,,,,,,,,,,2.0,,,,,
128,British Virgin Islands,Number of,,,,,,,,,,,,,,,,,1.0,,,,,,,,,,,,,,,,,,,,,2.0,,,,,
129,Brunei Darussalam,Number of,,,,,,,,,,,,,,,,,,,1.0,,,,,,,,,,,,,,,,,,,,,,,,
130,Brunei Darussalam,Number of,,,,,,,,,,,,,,,,,,,1.0,,,,,,,,,,,,,,,,,,,,,,,,
131,Bulgaria,Number of,,,,1.0,,,,,,,,,,,,,,,,,1.0,,,,,,,,,,,,,,,,,,,,,,
132,Bulgaria,Number of,,,,,,,,,,,,,,,,,,,1.0,,2.0,,,,,1.0,,1.0,1.0,,1.0,,2.0,,,,,,,,,,
133,Bulgaria,Number of,,,,,,,,,,,,,,,,,,1.0,,,,,1.0,,,5.0,2.0,3.0,,,1.0,,1.0,,4.0,1.0,,,1.0,,,1.0,1.0
134,Bulgaria,Number of,,1.0,,,,,,,,,,,,1.0,,,,,,1.0,,1.0,,,,1.0,,,,,,,,,1.0,,,,,,,,
135,Bulgaria,Number of,,1.0,,1.0,,,,,,,,,,1.0,,,,1.0,1.0,1.0,4.0,2.0,1.0,,,7.0,2.0,6.0,1.0,,2.0,,3.0,,5.0,1.0,,,1.0,,,2.0,1.0
136,Bulgaria,Number of,,,,,,,,,,,,,,,,,,,,,1.0,1.0,,,,,,2.0,,,,,,,,,,,,,,1.0,
137,Burkina Faso,Number of,1.0,,,,,,,,1.0,,1.0,,,,,1.0,,,1.0,,,1.0,,,,,,,,,,1.0,,,1.0,,,,,,1.0,,1.0
138,Burkina Faso,Number of,,,,,1.0,1.0,,,1.0,,,,,,1.0,,,,,1.0,,,,1.0,,,2.0,1.0,2.0,2.0,1.0,,1.0,1.0,,1.0,1.0,1.0,,,3.0,,
139,Burkina Faso,Number of,1.0,,,,1.0,1.0,,,2.0,,1.0,,,,1.0,1.0,,,1.0,1.0,,1.0,,1.0,,,2.0,1.0,2.0,2.0,1.0,1.0,1.0,1.0,1.0,1.0,1.0,1.0,,,4.0,,1.0
140,Burundi,Number of,,,,,,,,,,,,,,,,,,,,1.0,,,,1.0,,1.0,,,1.0,1.0,1.0,,,,,,,,,,,,
141,Burundi,Number of,,,,,,,,,,1.0,,,,,,,,,,,1.0,,2.0,,1.0,1.0,6.0,2.0,2.0,1.0,2.0,1.0,,,1.0,1.0,,,3.0,2.0,2.0,1.0,
142,Burundi,Number of,,,,,,,,,,,,,,,,,,,,,,,,,,,,,,,,,,,,1.0,,1.0,,1.0,,,
143,Burundi,Number of,,,,,,,,,,,,,,,,,,,,1.0,,,,,2.0,,1.0,,,,1.0,1.0,,,,,,,,,1.0,,
144,Burundi,Number of,,,,,,,,,,1.0,,,,,,,,,,2.0,1.0,,2.0,1.0,3.0,2.0,7.0,2.0,3.0,2.0,4.0,2.0,,,1.0,2.0,,1.0,3.0,3.0,3.0,1.0,
145,Cabo Verde,Number of,1.0,,,,,,,,,,,,1.0,,,,,,1.0,,,,1.0,,,,,,,,,,,,,,,1.0,,,,,1.0
146,Cabo Verde,Number of,,,,,,,,,,,,,,,,,,,,,,,,,,,,,,1.0,,,,,,,,,,,1.0,,
147,Cabo Verde,Number of,,,1.0,,1.0,,,,,,,,,,,,,,,,,,,,,,,,,,,,,,,1.0,,,,,,,
148,Cabo Verde,Number of,1.0,,1.0,,1.0,,,,,,,,1.0,,,,,,1.0,,,,1.0,,,,,,,1.0,,,,,,1.0,,1.0,,,1.0,,1.0
149,Cambodia,Number of,,,,,,,,1.0,,,,,,,1.0,,,,,,,1.0,1.0,,,1.0,,,,,,,,,,,1.0,,,,,,
150,Cambodia,Number of,,,,,,,,,,,,1.0,,,1.0,,1.0,,,2.0,1.0,1.0,1.0,,1.0,1.0,2.0,1.0,,,1.0,1.0,1.0,1.0,1.0,1.0,,,1.0,1.0,,3.0,1.0
151,Cambodia,Number of,,,,,,,,,,,,,,,,,,1.0,,,,,,,,,,,,2.0,,,,,,1.0,,,,,2.0,1.0,1.0
152,Cambodia,Number of,,,,,,,,1.0,,,,1.0,,,2.0,,1.0,1.0,,2.0,1.0,2.0,2.0,,1.0,2.0,2.0,1.0,,2.0,1.0,1.0,1.0,1.0,1.0,2.0,1.0,,1.0,1.0,2.0,4.0,2.0
153,Cameroon,Number of,,,,,,,,,,,1.0,,,,,,,,,,,1.0,,,,1.0,,,,,,,1.0,,,,,,,,,,1.0
154,Cameroon,Number of,,,,,,,,,1.0,,,1.0,,,1.0,,,,,1.0,1.0,1.0,,,,1.0,,1.0,1.0,,1.0,,2.0,1.0,1.0,1.0,,1.0,,,1.0,,1.0
155,Cameroon,Number of,,,,,,,,,,,,,,,,,,,,,,,,1.0,,,,,,,,,,,,,,,,1.0,,,2.0
156,Cameroon,Number of,,,,,,,,,1.0,,1.0,1.0,,,1.0,,,,,1.0,1.0,2.0,,1.0,,2.0,,1.0,1.0,,1.0,,3.0,1.0,1.0,1.0,,1.0,,1.0,1.0,,4.0
157,Canada,Number of,,,,,1.0,,,,1.0,,,,,,,,,,,,,,,,,,,,,,,,,,,,,,,,,,
158,Canada,Number of,,,1.0,,,,,,,,,,1.0,,,,,,,,,,,,,,,,,,,,,1.0,1.0,,,,1.0,,,1.0,
159,Canada,Number of,,,,1.0,,,1.0,2.0,1.0,,1.0,,,1.0,,1.0,1.0,1.0,1.0,,,,1.0,4.0,2.0,2.0,5.0,1.0,2.0,1.0,,1.0,1.0,1.0,1.0,,1.0,2.0,1.0,1.0,1.0,1.0,2.0
160,Canada,Number of,,1.0,,,,1.0,1.0,1.0,,1.0,,1.0,,,2.0,1.0,1.0,1.0,1.0,2.0,1.0,1.0,,2.0,2.0,1.0,,2.0,,2.0,1.0,2.0,2.0,1.0,,,,,1.0,1.0,1.0,1.0,4.0
161,Canada,Number of,1.0,1.0,1.0,1.0,1.0,2.0,4.0,3.0,2.0,2.0,1.0,1.0,2.0,1.0,3.0,4.0,2.0,3.0,3.0,3.0,1.0,2.0,2.0,7.0,4.0,5.0,5.0,3.0,2.0,3.0,1.0,4.0,3.0,3.0,2.0,1.0,2.0,3.0,4.0,2.0,2.0,4.0,6.0
162,Canada,Number of,1.0,,,,,1.0,2.0,,,1.0,,,1.0,,1.0,2.0,,1.0,1.0,1.0,,1.0,1.0,1.0,,2.0,,,,,,1.0,,,,1.0,1.0,1.0,1.0,,,1.0,
163,Canary Island,Number of,,,,,,,,,,,,,,,,,,,,,,,,,1.0,,,,,,,,,,,,,,,,,,
164,Canary Island,Number of,,,,,,,,,,,,,,,,,,,,,,1.0,1.0,,,,,,,,,,,,,,,,,,,,
165,Canary Island,Number of,,,,,,,,,,,,,,,,,,,,1.0,,,,,,1.0,,,,,,,,,,,,,,,,,
166,Canary Island,Number of,,,,,,,,,,,,,,,,,,,,1.0,,1.0,1.0,,1.0,1.0,,1.0,,,,,,,,,,,,,,,
167,Canary Island,Number of,,,,,,,,,,,,,,,,,,,,,,,,,,,,1.0,,,,,,,,,,,,,,,
168,Cayman Islands,Number of,,,,,,,,,,,,,,,,,,,,,,1.0,2.0,,2.0,,,,2.0,,,,,,,,,,,,,,
169,Cayman Islands,Number of,,,,,,,,,,,,,,,,,,,,,,1.0,2.0,,2.0,,,,2.0,,,,,,,,,,,,,,
170,Central African Rep.,Number of,,,,1.0,,,,,,,,,,,,,,,,,,,,,,,,,,,,,,,,,,,,,,,1.0
171,Central African Rep.,Number of,,,,,,,,,,,,,,,,1.0,1.0,,1.0,2.0,,,,1.0,1.0,1.0,,1.0,1.0,1.0,1.0,1.0,,1.0,,,,1.0,,1.0,,1.0,1.0
172,Central African Rep.,Number of,,1.0,,,,,,,,,,,,,,,,,,,,1.0,,,,,,,,2.0,,1.0,2.0,1.0,,1.0,,1.0,,,,,
173,Central African Rep.,Number of,,1.0,,1.0,,,,,,,,,,,,2.0,1.0,,1.0,2.0,,1.0,1.0,1.0,1.0,1.0,,1.0,1.0,3.0,1.0,2.0,2.0,2.0,,1.0,,2.0,,1.0,,1.0,3.0
174,Central African Rep.,Number of,,,,,,,,,,,,,,,,1.0,,,,,,,1.0,,,,,,,,,,,,,,,,,,,,1.0
175,Chad,Number of,1.0,,,,,,,,,,,,,1.0,,,,1.0,,,,1.0,,,,,,,,1.0,,,1.0,,,,,1.0,,,,,1.0
176,Chad,Number of,,,,,,1.0,,,1.0,,,1.0,,,,1.0,,,1.0,1.0,,1.0,,,,,1.0,2.0,2.0,2.0,1.0,,2.0,,,,,,,1.0,2.0,1.0,1.0
177,Chad,Number of,,,,,,,,,,,,,,,,,,,,,,,,,,,,,,,,,,,,,,,,1.0,,,
178,Chad,Number of,,,,,,,,,1.0,,,,,,,,,,,,,,,,,,,1.0,,,,,,,,,,,,,,,
179,Chad,Number of,1.0,,,,,1.0,,,2.0,,,1.0,,1.0,,1.0,,1.0,1.0,1.0,,2.0,,,,,1.0,3.0,2.0,3.0,1.0,,3.0,,,,,1.0,,2.0,2.0,1.0,2.0
180,Chile,Number of,,,,,,,,,,,,1.0,,,,,,,,,,,,,,,,,,,,,,,,,,,,,,,
181,Chile,Number of,,,,,,,,,,,,,,,,1.0,,,,,1.0,,1.0,,1.0,,,1.0,,,1.0,1.0,,1.0,,,,,,,,,
182,Chile,Number of,,,1.0,,,,1.0,2.0,,1.0,1.0,,,1.0,,1.0,,1.0,,,2.0,3.0,3.0,,1.0,2.0,1.0,,2.0,,,,1.0,,1.0,2.0,1.0,3.0,,1.0,,1.0,
183,Chile,Number of,,,,,,,,1.0,,,,1.0,,,,,,,,,,,,,,,,,,,,,,,,,,1.0,,,,,
184,Chile,Number of,,,,,2.0,,1.0,,,,,,2.0,,,,,2.0,,,,1.0,,,,1.0,,,,,,,,,,1.0,,,,,,1.0,
185,Chile,Number of,,,1.0,,2.0,,2.0,3.0,,1.0,1.0,2.0,3.0,2.0,,2.0,,4.0,,1.0,3.0,4.0,5.0,1.0,2.0,3.0,1.0,1.0,2.0,,1.0,3.0,2.0,1.0,2.0,4.0,1.0,5.0,,2.0,,2.0,2.0
186,Chile,Number of,,,,,,,,,,,,,1.0,1.0,,,,1.0,,1.0,,,1.0,1.0,,,,,,,,2.0,1.0,,1.0,1.0,,1.0,,1.0,,,2.0
187,"China, P.R.: Hong Kong",Number of,,1.0,,1.0,,,,,,,,,,,,,,,,,,,,,,,,,,,,,,,,,,,,,,,
188,"China, P.R.: Hong Kong",Number of,,,,,,,,1.0,,,,,,,,,,,,,,,,,,,,,,,,,,,,,,,,,,,
189,"China, P.R.: Hong Kong",Number of,,,1.0,1.0,,2.0,,1.0,,1.0,,,1.0,,1.0,,,1.0,,,,,,,,1.0,,,,,,,,,,,,,,,,,
190,"China, P.R.: Hong Kong",Number of,,,1.0,,,,,,,,,,,1.0,,,,,,,,,,,,,,,,,,,,,,,,,,,,,
191,"China, P.R.: Hong Kong",Number of,2.0,,1.0,2.0,,1.0,2.0,,1.0,2.0,,1.0,2.0,6.0,,,,1.0,,1.0,,,,2.0,,,,,3.0,1.0,1.0,,,,,,,2.0,1.0,,,2.0,
192,"China, P.R.: Hong Kong",Number of,2.0,1.0,4.0,4.0,,3.0,2.0,2.0,1.0,3.0,,1.0,3.0,7.0,1.0,,,2.0,,1.0,,,,2.0,,1.0,,,3.0,1.0,1.0,,,,,,,2.0,1.0,,,2.0,
193,"China, P.R.: Hong Kong",Number of,,,1.0,,,,,,,,,,,,,,,,,,,,,,,,,,,,,,,,,,,,,,,,
194,"China, P.R.: Macao",Number of,,,,,,,,,,,,,,4.0,,,,,,,,,,,,,,,,,,,,,,,,2.0,,,,,
195,"China, P.R.: Macao",Number of,,,,,,,,,,,,,,4.0,,,,,,,,,,,,,,,,,,,,,,,,2.0,,,,,
196,"China, P.R.: Mainland",Number of,,,,1.0,,1.0,,,1.0,,,1.0,2.0,,2.0,1.0,,1.0,,1.0,3.0,2.0,3.0,2.0,,2.0,1.0,,1.0,2.0,1.0,,,1.0,2.0,1.0,1.0,1.0,,,,1.0,1.0
197,"China, P.R.: Mainland",Number of,,,,,,,1.0,,,,,,,,1.0,,,3.0,,,,,1.0,,1.0,1.0,,,2.0,,,1.0,1.0,1.0,,,1.0,,,,,,
198,"China, P.R.: Mainland",Number of,4.0,5.0,4.0,1.0,2.0,7.0,2.0,4.0,8.0,1.0,3.0,3.0,6.0,4.0,6.0,3.0,4.0,6.0,5.0,6.0,9.0,9.0,10.0,6.0,9.0,11.0,20.0,11.0,7.0,7.0,5.0,5.0,12.0,14.0,13.0,12.0,12.0,12.0,8.0,6.0,5.0,4.0,4.0
199,"China, P.R.: Mainland",Number of,,,2.0,,1.0,1.0,,1.0,2.0,1.0,,1.0,,1.0,1.0,1.0,4.0,2.0,1.0,1.0,2.0,6.0,4.0,2.0,1.0,,1.0,1.0,4.0,5.0,8.0,2.0,1.0,3.0,2.0,1.0,3.0,4.0,,2.0,1.0,,1.0
200,"China, P.R.: Mainland",Number of,1.0,1.0,,5.0,2.0,3.0,7.0,6.0,4.0,7.0,11.0,5.0,8.0,11.0,5.0,6.0,8.0,5.0,5.0,9.0,10.0,10.0,6.0,5.0,7.0,14.0,8.0,6.0,9.0,10.0,6.0,5.0,8.0,15.0,16.0,17.0,13.0,9.0,12.0,4.0,4.0,7.0,1.0
201,"China, P.R.: Mainland",Number of,5.0,7.0,6.0,7.0,5.0,12.0,10.0,12.0,15.0,9.0,14.0,10.0,16.0,16.0,15.0,12.0,16.0,17.0,11.0,18.0,24.0,27.0,24.0,16.0,18.0,28.0,30.0,18.0,23.0,24.0,21.0,13.0,22.0,34.0,33.0,31.0,30.0,26.0,20.0,13.0,11.0,12.0,7.0
202,"China, P.R.: Mainland",Number of,,1.0,,,,,,1.0,,,,,,,,1.0,,,,1.0,,,,1.0,,,,,,,1.0,,,,,,,,,1.0,1.0,,
203,Colombia,Number of,,,,,,,,,,,,,,,,,,,1.0,,,,,,,,,,,,,,,,,1.0,,,,,,,
204,Colombia,Number of,1.0,1.0,1.0,,1.0,,1.0,1.0,1.0,1.0,4.0,,,1.0,3.0,1.0,2.0,1.0,,3.0,3.0,2.0,4.0,3.0,2.0,3.0,1.0,4.0,2.0,1.0,3.0,2.0,3.0,1.0,4.0,1.0,2.0,4.0,2.0,5.0,3.0,10.0,9.0
205,Colombia,Number of,,1.0,1.0,,,,3.0,2.0,,,,3.0,,3.0,,1.0,1.0,,1.0,2.0,,2.0,1.0,1.0,,,,,1.0,2.0,2.0,1.0,,,,1.0,,2.0,,1.0,1.0,1.0,4.0
206,Colombia,Number of,,,,1.0,,,1.0,,1.0,,,,,,,,,,,1.0,,1.0,,,,1.0,,,,,,,,,1.0,,,1.0,,,2.0,,1.0
207,Colombia,Number of,1.0,2.0,2.0,1.0,1.0,,5.0,3.0,2.0,1.0,4.0,4.0,,4.0,3.0,2.0,3.0,1.0,2.0,6.0,3.0,6.0,5.0,4.0,2.0,4.0,1.0,4.0,3.0,3.0,6.0,3.0,3.0,1.0,5.0,4.0,2.0,7.0,2.0,6.0,6.0,11.0,14.0
208,Colombia,Number of,,,,,,,,,,,,1.0,,,,,,,,,,1.0,,,,,,,,,1.0,,,,,1.0,,,,,,,
209,"Comoros, Union of the",Number of,,1.0,,,,,,,,,,,,,,,,,,,,,,,,,,,,,,,,,,,,,,,,,
210,"Comoros, Union of the",Number of,,,,,,,,,,,,,,,,,,,,,,,,,,,,,,1.0,,,1.0,,,,,,,,,,
211,"Comoros, Union of the",Number of,,,,1.0,,1.0,,1.0,,1.0,,,,,,,,,,,,,,1.0,,,,,,,,,,,1.0,,,,,2.0,,,
212,"Comoros, Union of the",Number of,,1.0,,1.0,,1.0,,1.0,,1.0,,,,,,,,,,,,,,1.0,,,,,,1.0,,,1.0,,1.0,,,,,2.0,,,
213,"Congo, Dem. Rep. of the",Number of,,,,1.0,,,,,,,,,,,,,,,,,,,,,,,,,,,,,,,,,,,,,,,1.0
214,"Congo, Dem. Rep. of the",Number of,,,,,,,,,,,1.0,,,,1.0,,,1.0,,1.0,,2.0,1.0,2.0,,,3.0,1.0,1.0,1.0,2.0,2.0,1.0,,1.0,3.0,2.0,1.0,1.0,1.0,6.0,,4.0
215,"Congo, Dem. Rep. of the",Number of,,,,,,,,,,1.0,,,,,,,,,,,,1.0,,,,,,,,,1.0,,,,1.0,,,1.0,,2.0,,,
216,"Congo, Dem. Rep. of the",Number of,,,,,,,,,,,,,,,,,,,,,,,,2.0,,1.0,1.0,,1.0,,,,,,,,,,,,,,
217,"Congo, Dem. Rep. of the",Number of,,,,1.0,,,,,,1.0,1.0,,,,1.0,,,1.0,,1.0,,3.0,1.0,4.0,,1.0,4.0,1.0,2.0,2.0,4.0,2.0,1.0,,2.0,4.0,2.0,2.0,1.0,3.0,6.0,,5.0
218,"Congo, Dem. Rep. of the",Number of,,,,,,,,,,,,,,,,,,,,,,,,,,,,,,1.0,1.0,,,,,1.0,,,,,,,
219,"Congo, Rep. of",Number of,,,,1.0,,,,,,,,,,,,,,,,,,,,,,,,,,,,,,,,,,,,,,,
220,"Congo, Rep. of",Number of,,,,,,,,,,,,,,,1.0,,,,1.0,1.0,,,1.0,,,1.0,1.0,1.0,,,,,2.0,,,,,,,2.0,2.0,1.0,1.0
221,"Congo, Rep. of",Number of,,,,1.0,,,,,,,,,,,1.0,,,,1.0,1.0,,,1.0,,,1.0,1.0,1.0,,,,,2.0,,,,,,,2.0,2.0,1.0,1.0
222,Cook Islands,Number of,,1.0,,,,,,1.0,,,1.0,,,,,,,1.0,,,,1.0,,,,1.0,,,,,1.0,,,,,,,,,,,,
223,Cook Islands,Number of,,1.0,,,,,,1.0,,,1.0,,,,,,,1.0,,,,1.0,,,,1.0,,,,,1.0,,,,,,,,,,,,
224,Costa Rica,Number of,,,,,,,,,,,,,,,1.0,,,,1.0,,,,,,,,,,,,,,,,1.0,,,,1.0,,,,
225,Costa Rica,Number of,1.0,,,,,,,,1.0,,,1.0,,1.0,1.0,,1.0,,,1.0,,1.0,2.0,1.0,2.0,2.0,,2.0,3.0,,2.0,1.0,1.0,,,1.0,,,1.0,,,1.0,
226,Costa Rica,Number of,,,,,,,,,,,,,,,,,,,,,1.0,,,,,,,,,,,,,,,,,,,,,,
227,Costa Rica,Number of,,,,,,,,,1.0,,,,,,,1.0,2.0,,1.0,,,,,,,1.0,,,1.0,,,,,,,,1.0,1.0,,,1.0,,1.0
228,Costa Rica,Number of,1.0,,,,,,,,2.0,,,1.0,1.0,1.0,2.0,1.0,3.0,,2.0,1.0,1.0,1.0,2.0,1.0,2.0,3.0,,2.0,4.0,,2.0,1.0,1.0,,1.0,1.0,1.0,1.0,2.0,,1.0,1.0,1.0
229,Costa Rica,Number of,,,,,,,,,,,,,1.0,,,,,,,,,,,,,,,,,,,,,,,,,,,,,,
230,C么te d'Ivoire,Number of,1.0,,,,,,,,,,,,,,,,,,,,,,,,,,,,,,,,,,,,,,,,,,
231,C么te d'Ivoire,Number of,,,,,,,,,,1.0,,,,,,,1.0,,,,,,,,,,,1.0,1.0,,2.0,,,,2.0,1.0,1.0,1.0,1.0,1.0,1.0,,1.0
232,C么te d'Ivoire,Number of,,,,,,,,,,,,,,,,,,,,,,,,,,,,,,1.0,,,,,,,,,,,,,
233,C么te d'Ivoire,Number of,1.0,,,,,,,,,1.0,,,,,,,1.0,,,,,,,,,,,1.0,1.0,1.0,2.0,,,,2.0,1.0,1.0,1.0,1.0,1.0,1.0,,1.0
234,"Croatia, Rep. of",Number of,,,,,,,,,,,,,,,,,,,,,,,,1.0,,,,,,,,,,,,,,,,,,,
235,"Croatia, Rep. of",Number of,,,,,,,,,,,,,,,,,,,,,1.0,,,1.0,,1.0,,,,,1.0,,2.0,,,,,,,,,,
236,"Croatia, Rep. of",Number of,,,,,,,,,,,,,,,,,,,,,1.0,1.0,,,,1.0,1.0,,,,2.0,,1.0,,2.0,1.0,,,1.0,1.0,,,1.0
237,"Croatia, Rep. of",Number of,,,,,,,,,,,,,,,,,,,,,,,,,,1.0,,,,,,,,,,,,1.0,,,,,
238,"Croatia, Rep. of",Number of,,,,,,,,,,,,,,,,,,1.0,,,3.0,1.0,,3.0,,3.0,1.0,2.0,,,3.0,,3.0,,2.0,1.0,,2.0,1.0,1.0,,,1.0
239,"Croatia, Rep. of",Number of,,,,,,,,,,,,,,,,,,1.0,,,1.0,,,1.0,,,,2.0,,,,,,,,,,1.0,,,,,
240,Cuba,Number of,,1.0,,,,,1.0,,,,,,,1.0,,,,,1.0,,1.0,,,,1.0,,,,,,,,,,,1.0,,,,,,,
241,Cuba,Number of,,,,1.0,,1.0,1.0,,1.0,,2.0,,1.0,2.0,1.0,1.0,2.0,1.0,,,1.0,,1.0,1.0,,,1.0,1.0,1.0,,,,1.0,1.0,,1.0,,,,,,,1.0
242,Cuba,Number of,1.0,,1.0,,,1.0,,,2.0,,,,,1.0,1.0,2.0,1.0,,1.0,1.0,,1.0,2.0,,2.0,2.0,1.0,2.0,4.0,,,,2.0,,,,1.0,1.0,2.0,1.0,2.0,2.0,2.0
243,Cuba,Number of,1.0,1.0,1.0,1.0,,2.0,2.0,1.0,3.0,,2.0,,1.0,4.0,2.0,3.0,3.0,1.0,2.0,2.0,2.0,1.0,3.0,1.0,3.0,2.0,2.0,3.0,5.0,,,,3.0,1.0,,2.0,1.0,1.0,2.0,1.0,2.0,2.0,3.0
244,Cuba,Number of,,,,,,,,1.0,,,,,,,,,,,,1.0,,,,,,,,,,,,,,,,,,,,,,,
245,Cyprus,Number of,,,,,,,,,,,,1.0,,,,,,,,,1.0,,,,,,,,,,,,,,,,,,,,,,
246,Cyprus,Number of,,,,,,,,,,,,,,,,,,,1.0,,1.0,,,,,,,1.0,,,,,,,,,,,,,,,
247,Cyprus,Number of,,,,1.0,,,,,,,,,,,,,,,,,,,,1.0,1.0,,,,,,,,,,,,,,,,,,
248,Cyprus,Number of,,,,1.0,,,,,,,,1.0,,,,,,,1.0,,3.0,,,1.0,1.0,,,1.0,,,,,,,,,,,,,,1.0,
249,Cyprus,Number of,,,,,,,,,,,,,,,,,,,,,1.0,,,,,,,,,,,,,,,,,,,,,1.0,
250,Czech Rep.,Number of,,,,,,,,,,,,,,,,,,,,,,,,1.0,,1.0,,,,,1.0,,2.0,,,,,,1.0,,,,
251,Czech Rep.,Number of,,,,,,,,,,,,,,,,,1.0,1.0,1.0,,1.0,,1.0,,,1.0,2.0,,,1.0,3.0,,,1.0,,,,,,,,1.0,
252,Czech Rep.,Number of,,,,,,,,,,,,,,,,,,,,,,,2.0,,,1.0,,1.0,1.0,1.0,,,,,,,,1.0,,,1.0,2.0,2.0
253,Czech Rep.,Number of,,,,,,,,,,,,,,,,,1.0,1.0,1.0,,1.0,,3.0,1.0,,3.0,2.0,1.0,1.0,2.0,4.0,,2.0,1.0,,,,1.0,1.0,,1.0,3.0,2.0
254,Denmark,Number of,,,,,,,,,,,,,1.0,,,,,,,,,,,,,,,,,,,,,,,,,,,,,,
255,Denmark,Number of,1.0,1.0,,1.0,,1.0,,,,,3.0,,,,,,,,,1.0,,,1.0,,,1.0,,1.0,,,1.0,,,2.0,,,,,,,,,1.0
256,Denmark,Number of,1.0,1.0,,1.0,,1.0,,,,,3.0,,1.0,,,,,,,1.0,,,1.0,,,1.0,,1.0,,,1.0,,,2.0,,,,,,,,,1.0
257,Djibouti,Number of,1.0,,,1.0,,,,,1.0,,,,,,,,1.0,,,1.0,,,,,,1.0,,1.0,1.0,,1.0,,,,,,,,,,,,1.0
258,Djibouti,Number of,,1.0,,,,,,,,1.0,,,,1.0,1.0,,,,,,,,,,1.0,,,,,,,,,,,,,,,1.0,1.0,,
259,Djibouti,Number of,,,,,,,,,,,,,,,,1.0,,,,,,,,,,,,,,,,,,,,,,,1.0,,,,
260,Djibouti,Number of,1.0,1.0,,1.0,,,,,1.0,1.0,,,,1.0,1.0,1.0,1.0,,,1.0,,,,,1.0,1.0,,1.0,1.0,,1.0,,,,,,,,1.0,1.0,1.0,,1.0
261,Dominica,Number of,1.0,,,,1.0,,,,,1.0,,,,,,2.0,,,,1.0,,,,,,,,1.0,,,,1.0,,,,1.0,,1.0,,,,,
262,Dominica,Number of,1.0,,,,1.0,,,,,1.0,,,,,,2.0,,,,1.0,,,,,,,,1.0,,,,1.0,,,,1.0,,1.0,,,,,
263,Dominican Rep.,Number of,,1.0,,,,1.0,,,1.0,,,1.0,,2.0,,,1.0,,,,,,1.0,2.0,1.0,1.0,,2.0,,2.0,2.0,1.0,2.0,1.0,1.0,2.0,2.0,,1.0,,,,2.0
264,Dominican Rep.,Number of,1.0,,,,,,1.0,1.0,,1.0,,,,,,2.0,1.0,,1.0,,,1.0,,1.0,3.0,1.0,,3.0,3.0,,1.0,2.0,2.0,,,1.0,1.0,3.0,1.0,,2.0,2.0,1.0
265,Dominican Rep.,Number of,1.0,1.0,,1.0,,1.0,1.0,1.0,1.0,1.0,,1.0,,2.0,,2.0,2.0,,1.0,,,1.0,1.0,3.0,4.0,3.0,,5.0,3.0,2.0,3.0,3.0,4.0,1.0,1.0,3.0,3.0,3.0,2.0,,2.0,2.0,3.0
266,Dominican Rep.,Number of,,,,1.0,,,,,,,,,,,,,,,,,,,,,,1.0,,,,,,,,,,,,,,,,,
267,Ecuador,Number of,,,,,,,,,,,,,,,,,,1.0,,,,,,,,,,,,1.0,,,,1.0,,,,,,,,,
268,Ecuador,Number of,,,1.0,1.0,,,,1.0,,1.0,,,1.0,,,,,2.0,,,1.0,2.0,2.0,1.0,,,1.0,,1.0,1.0,2.0,1.0,1.0,1.0,,1.0,2.0,,,1.0,1.0,2.0,5.0
269,Ecuador,Number of,,,,1.0,,,,1.0,,,,,,3.0,,,,,,,2.0,,,,,,,,,,,1.0,,2.0,,,,,,1.0,,,
270,Ecuador,Number of,,,1.0,2.0,,1.0,,2.0,,1.0,,,1.0,3.0,1.0,,,3.0,,,3.0,2.0,2.0,1.0,,,1.0,,1.0,2.0,2.0,2.0,2.0,4.0,,1.0,2.0,,,2.0,1.0,2.0,5.0
271,Ecuador,Number of,,,,,,1.0,,,,,,,,,1.0,,,,,,,,,,,,,,,,,,1.0,,,,,,,,,,
272,"Egypt, Arab Rep. of",Number of,,,,,,,,,,,,,,,,1.0,1.0,,,,1.0,,,,,,,,,,,,,,,1.0,,,,,,,
273,"Egypt, Arab Rep. of",Number of,,,,,,,,,,,,1.0,,,1.0,1.0,1.0,1.0,,,,,2.0,,,,,,,,2.0,,,,,,,,,,1.0,1.0,
274,"Egypt, Arab Rep. of",Number of,,,,,,,,1.0,,,,,,,,,,1.0,,,,,,,1.0,,,,,,1.0,,,,,2.0,1.0,,,,,,
275,"Egypt, Arab Rep. of",Number of,,,,,,,,1.0,,,,1.0,,,1.0,2.0,2.0,2.0,,,1.0,,2.0,,1.0,,,,,,3.0,,,,,3.0,1.0,,,,1.0,1.0,
276,El Salvador,Number of,,,1.0,,,,,,,,,,,,1.0,,,,1.0,,,1.0,,,,,,,,1.0,,,,,1.0,,,,1.0,,,,
277,El Salvador,Number of,,,,,,,,,,,,,,,,,,,,,,,,,,,1.0,,,,,,,,,,,,,,,,
278,El Salvador,Number of,,,1.0,,,,,,1.0,1.0,,,1.0,,,1.0,,,,1.0,1.0,1.0,1.0,,,2.0,,1.0,2.0,,,1.0,,,,1.0,,,1.0,,,1.0,
279,El Salvador,Number of,,,,,,,,,1.0,,,,,1.0,,,,,,,,,,,,,,,,,,,,,,,,,,,1.0,,
280,El Salvador,Number of,,,,,,,,,,,,,,,,,1.0,1.0,1.0,,1.0,,1.0,,,2.0,,1.0,,1.0,3.0,,,,,1.0,,1.0,,,3.0,,2.0
281,El Salvador,Number of,,,2.0,,,,,,2.0,1.0,,,1.0,1.0,1.0,1.0,1.0,1.0,2.0,1.0,2.0,2.0,2.0,,,4.0,1.0,2.0,2.0,2.0,3.0,1.0,,,1.0,2.0,,1.0,2.0,,4.0,1.0,2.0
282,"Eritrea, The State of",Number of,,,,,,,,,,,,,,1.0,,,,,,1.0,,,,,,,,,1.0,,,,,,,,,,,,,,
283,"Eritrea, The State of",Number of,,,,,,,,,,,,,,,,,,,,,,,,1.0,1.0,,,,,,,,,,,,,,,,,,
284,"Eritrea, The State of",Number of,,,,,,,,,,,,,,1.0,,,,,,,,,,,,,,,,,,,,,,,,,,,,,
285,"Eritrea, The State of",Number of,,,,,,,,,,,,,,2.0,,,,,,1.0,,,,1.0,1.0,,,,1.0,,,,,,,,,,,,,,
286,"Estonia, Rep. of",Number of,,,,,,,,,,,,,,,,,,,,,,,,,,1.0,,,,,,,1.0,,,,,,1.0,,,,
287,"Estonia, Rep. of",Number of,,,,,,,,,,,,,,,,,,,,,,,,,,1.0,,,,,,,,,,,,,,,,,
288,"Estonia, Rep. of",Number of,,,,,,,,,,,,,,,,,,,,,,,,,,2.0,,,,,,,1.0,,,,,,1.0,,,,
289,"Eswatini, Kingdom of",Number of,,1.0,,,1.0,,,,,,1.0,,,,,,,,,,,1.0,,,,,,1.0,,,,,,,,,1.0,,,1.0,,,
290,"Eswatini, Kingdom of",Number of,,,,,,,,,,,,,,,,,,,,,1.0,,,,,,,,1.0,,,,,,1.0,,,,,,,,
291,"Eswatini, Kingdom of",Number of,,,,,1.0,,,,,,,,,,,,,,,,,,,,,1.0,1.0,,,,,,,,,,,,,,,1.0,1.0
292,"Eswatini, Kingdom of",Number of,,1.0,,,2.0,,,,,,1.0,,,,,,,,,,1.0,1.0,,,,1.0,1.0,2.0,1.0,,,,,,1.0,,1.0,,,1.0,,1.0,1.0
293,"Eswatini, Kingdom of",Number of,,,,,,,,,,,,,,,,,,,,,,,,,,,,1.0,,,,,,,,,,,,,,,
294,"Ethiopia, The Federal Dem. Rep. of",Number of,,,,1.0,,,,1.0,,1.0,,,,,,,,1.0,1.0,1.0,,,,1.0,,1.0,,,1.0,1.0,1.0,1.0,,,,1.0,,,,,,1.0,1.0
295,"Ethiopia, The Federal Dem. Rep. of",Number of,,1.0,,,,2.0,,,2.0,,1.0,,,2.0,1.0,1.0,2.0,2.0,,6.0,2.0,3.0,1.0,1.0,,4.0,7.0,2.0,3.0,,2.0,1.0,,1.0,,1.0,2.0,,,1.0,2.0,1.0,1.0
296,"Ethiopia, The Federal Dem. Rep. of",Number of,,,,,,,,,,,,,,,1.0,,,,,,1.0,,,,,,,,,,,,,,,,,,2.0,1.0,2.0,,
297,"Ethiopia, The Federal Dem. Rep. of",Number of,,1.0,,1.0,,2.0,,1.0,2.0,1.0,1.0,,,2.0,2.0,1.0,2.0,3.0,1.0,7.0,4.0,3.0,1.0,2.0,,5.0,7.0,2.0,4.0,1.0,3.0,2.0,,1.0,,2.0,2.0,,2.0,2.0,4.0,2.0,2.0
298,"Ethiopia, The Federal Dem. Rep. of",Number of,,,,,,,,,,,,,,,,,,,,,1.0,,,,,,,,,,,,,,,,,,,,,,
299,"Fiji, Rep. of",Number of,,,,1.0,,,,,,,,,,,,,,,1.0,,,,,,,,,,,,,,,,,1.0,,,,,,,
300,"Fiji, Rep. of",Number of,,,,,,,1.0,,,1.0,,,,,,,,,,,1.0,,,,1.0,,1.0,2.0,,1.0,,,2.0,,,,,,,,,,
301,"Fiji, Rep. of",Number of,1.0,1.0,,2.0,,3.0,1.0,1.0,,,1.0,,1.0,1.0,,,,1.0,,1.0,,1.0,,1.0,1.0,,1.0,2.0,1.0,1.0,1.0,,1.0,,,,2.0,,2.0,1.0,3.0,1.0,1.0
302,"Fiji, Rep. of",Number of,1.0,1.0,,3.0,,3.0,2.0,1.0,,1.0,1.0,,1.0,1.0,,,,1.0,1.0,1.0,1.0,1.0,,1.0,2.0,,2.0,4.0,1.0,2.0,1.0,,3.0,,,1.0,2.0,,2.0,1.0,3.0,1.0,1.0
303,Finland,Number of,,,,,,,,,,,,,,,,,,,,,,,,,,1.0,,,,,,,,,,,,,,,,,
304,Finland,Number of,,,,,,,,,,,2.0,,,,,,,,,,,,,,,,,,,,,,,,,,,,,,,,
305,Finland,Number of,,,,,,,,,,,2.0,,,,,,,,,,,,,,,1.0,,,,,,,,,,,,,,,,,
306,France,Number of,,,1.0,,,,,,,1.0,,1.0,,,,,,1.0,,,,,,,,,,,,,,,,,,,,,,,,,1.0
307,France,Number of,,,,,,1.0,,,,,1.0,2.0,,,,,,1.0,,,,,,1.0,,2.0,1.0,,1.0,2.0,1.0,,1.0,,,1.0,,,2.0,2.0,1.0,1.0,1.0
308,France,Number of,1.0,1.0,,3.0,,,,1.0,1.0,,,,1.0,1.0,3.0,,2.0,,,3.0,6.0,5.0,3.0,2.0,,2.0,,,,,1.0,1.0,,1.0,3.0,1.0,1.0,1.0,2.0,2.0,3.0,6.0,
309,France,Number of,,,2.0,2.0,,,,,,,1.0,,,,,,,,1.0,1.0,,,,,,,,,,,,,,,,,,,,,,,
310,France,Number of,,,2.0,2.0,3.0,1.0,,1.0,,1.0,8.0,,2.0,2.0,,1.0,1.0,,1.0,3.0,1.0,2.0,2.0,2.0,1.0,,2.0,3.0,3.0,1.0,2.0,1.0,,2.0,4.0,1.0,,1.0,3.0,5.0,3.0,2.0,4.0
311,France,Number of,1.0,1.0,6.0,8.0,5.0,3.0,1.0,2.0,1.0,2.0,10.0,3.0,3.0,3.0,3.0,1.0,3.0,3.0,2.0,8.0,7.0,7.0,5.0,6.0,1.0,5.0,3.0,3.0,4.0,4.0,4.0,2.0,1.0,3.0,7.0,3.0,1.0,3.0,7.0,9.0,7.0,9.0,6.0
312,France,Number of,,,1.0,1.0,2.0,1.0,1.0,,,,,,,,,,,1.0,,1.0,,,,1.0,,1.0,,,,1.0,,,,,,,,1.0,,,,,
313,French Polynesia,Number of,,,,,,,,,,,,,,,,,,,,,,,,,,,,,,,,,,,,,,1.0,,,,,
314,French Polynesia,Number of,,,,,,,,1.0,,,,,,,,,,,2.0,,,,,,,,,,,,,,,,,,,,,,,,
315,French Polynesia,Number of,,,,2.0,,,,,,,,,,,,,,,,,,,,,,,,,,,1.0,,,,,,,,,,,,
316,French Polynesia,Number of,,,,2.0,,,,1.0,,,,,,,,,,,2.0,,,,,,,,,,,,1.0,,,,,,,1.0,,,,,
317,Gabon,Number of,,,,,,,,,1.0,,,,,,,,,,,,,,,,,,,,,,,,1.0,,,,,,,,,,
318,Gabon,Number of,,,,,,,,,,,,,,,,,,,,,,,,,,,,,,1.0,2.0,,,,,,,,,,,,
319,Gabon,Number of,,,,,,,,,1.0,,,,,,,,,,,,,,,,,,,,,1.0,2.0,,1.0,,,,,,,,,,
320,"Gambia, The",Number of,1.0,,,,,,,,,,,,,,,,,,,,,,1.0,,,,,,,,,,1.0,,,1.0,,,,,,,
321,"Gambia, The",Number of,,,,,,,,,,,,,,,,,1.0,,,1.0,,1.0,,,,,,1.0,1.0,1.0,2.0,,,1.0,,,,1.0,,,,,1.0
322,"Gambia, The",Number of,,,,,,,,,,,,,,,,,,,,,,,,1.0,1.0,,,,1.0,1.0,,,,,,,,,,1.0,,1.0,
323,"Gambia, The",Number of,1.0,,,,,,,,,,,,,,,,1.0,,,1.0,,1.0,1.0,1.0,1.0,,,1.0,2.0,2.0,2.0,,1.0,1.0,,1.0,,1.0,,1.0,,1.0,1.0
324,Georgia,Number of,,,,,,,,,,,,,,,,,,,,,1.0,,,,,,,,,,,,,,,,,,,,,,
325,Georgia,Number of,,,,,,,,,,,,,,,,1.0,,3.0,,,,,,,2.0,1.0,1.0,,,,,1.0,1.0,2.0,1.0,1.0,,,1.0,1.0,1.0,1.0,1.0
326,Georgia,Number of,,,,,,,,,,,,,,,,,,,,,,1.0,,,,,,,,,,,1.0,1.0,,,,,,,,,
327,Georgia,Number of,,,,,,,,,,,,,,,,1.0,,3.0,,,1.0,1.0,,,2.0,1.0,1.0,,,,,1.0,2.0,3.0,1.0,1.0,,,1.0,1.0,1.0,1.0,1.0
328,Germany,Number of,,,,,,,,,,,,,,,,,,1.0,,,,,,1.0,,2.0,1.0,,1.0,1.0,1.0,,2.0,,,,,,1.0,2.0,,,1.0
329,Germany,Number of,,,,,,,,,,,,,1.0,1.0,2.0,,,1.0,,1.0,,,1.0,,,2.0,1.0,1.0,,1.0,1.0,1.0,,1.0,,,1.0,1.0,,,,1.0,
330,Germany,Number of,,,,,,,,,,,,,,,,,,,,1.0,,,,,,,,,,,,,,,,,,,,,,,
331,Germany,Number of,,,,,,,,,,,6.0,1.0,,2.0,2.0,2.0,1.0,,1.0,2.0,,1.0,3.0,2.0,1.0,1.0,3.0,2.0,2.0,1.0,2.0,,,3.0,2.0,,,2.0,1.0,1.0,1.0,2.0,3.0
332,Germany,Number of,,,,,,,,,,,6.0,1.0,1.0,3.0,4.0,2.0,1.0,2.0,1.0,4.0,,1.0,4.0,3.0,1.0,5.0,5.0,3.0,3.0,3.0,4.0,1.0,2.0,4.0,2.0,,1.0,3.0,2.0,3.0,1.0,3.0,4.0
333,Germany Dem Rep (former),Number of,,,,,2.0,1.0,,,,,,,,,,,,,,,,,,,,,,,,,,,,,,,,,,,,,
334,Germany Dem Rep (former),Number of,,,,,2.0,1.0,,,,,,,,,,,,,,,,,,,,,,,,,,,,,,,,,,,,,
335,Germany Fed Rep (former),Number of,,,,1.0,,,,,1.0,,,1.0,,,,,,,,,,,,,,,,,,,,,,,,,,,,,,,
336,Germany Fed Rep (former),Number of,,,,,2.0,1.0,,,,,,,,,,,,,,,,,,,,,,,,,,,,,,,,,,,,,
337,Germany Fed Rep (former),Number of,,,,2.0,2.0,1.0,,,1.0,,,1.0,,,,,,,,,,,,,,,,,,,,,,,,,,,,,,,
338,Germany Fed Rep (former),Number of,,,,1.0,,,,,,,,,,,,,,,,,,,,,,,,,,,,,,,,,,,,,,,
339,Ghana,Number of,1.0,,,,,,,,,,,,,,,,,,,,,,,,,,,,,,,,,,,,,,,,,,
340,Ghana,Number of,,,,,,,,,,1.0,,1.0,,,,1.0,,,,1.0,,1.0,2.0,,,,,1.0,1.0,2.0,2.0,2.0,,1.0,,1.0,1.0,1.0,1.0,2.0,2.0,2.0,1.0
341,Ghana,Number of,,,,,,,,,,,,,,,,,,,,,,,,,,,,,,,,,,,,,,1.0,,,,,
342,Ghana,Number of,1.0,,,,,1.0,,,,1.0,,1.0,,,,1.0,,,,1.0,,1.0,2.0,,,,,1.0,1.0,2.0,2.0,2.0,,1.0,,1.0,1.0,2.0,1.0,2.0,2.0,2.0,1.0
343,Ghana,Number of,,,,,,1.0,,,,,,,,,,,,,,,,,,,,,,,,,,,,,,,,,,,,,
344,Greece,Number of,,,,,,,,,,,1.0,,,,,,,,,,,,,,,,,,,,,,,,,,,,,,,,
345,Greece,Number of,,,,,,1.0,,1.0,1.0,,,1.0,,,,,,,,,1.0,,,,,,,1.0,,,,,1.0,,,,,1.0,,,,,
346,Greece,Number of,,,,,,,,,,,,,,,1.0,,,1.0,1.0,,2.0,2.0,4.0,3.0,,,2.0,1.0,,,1.0,,1.0,,1.0,2.0,1.0,1.0,,,2.0,,
347,Greece,Number of,,,,,,,,1.0,,,1.0,,,,,,,,,,,,1.0,,2.0,,1.0,,,,,,,,,,,,,1.0,,,
348,Greece,Number of,,,,1.0,2.0,2.0,,3.0,1.0,,2.0,1.0,,,1.0,1.0,,1.0,2.0,,5.0,2.0,5.0,3.0,2.0,,3.0,4.0,,2.0,1.0,,2.0,,1.0,2.0,1.0,2.0,1.0,1.0,2.0,1.0,1.0
349,Greece,Number of,,,,1.0,2.0,1.0,,1.0,,,,,,,,1.0,,,1.0,,2.0,,,,,,,2.0,,2.0,,,,,,,,,1.0,,,1.0,1.0
350,Grenada,Number of,,,,,,,,,,,,,,,,,,,,,,,,,,,,,,,1.0,,,,,,,,,,,,
351,Grenada,Number of,1.0,,,,,,,,,,1.0,,,,,,,,,1.0,,,1.0,,1.0,,,,,,,,,,,,,,,,,,
352,Grenada,Number of,1.0,,,,,,,,,,1.0,,,,,,,,,1.0,,,1.0,,1.0,,,,,,1.0,,,,,,,,,,,,
353,Guam,Number of,,,,,,,,1.0,,,,,1.0,,,,,1.0,,,,,2.0,,2.0,,,,,,,,,,,,,,,,,,
354,Guam,Number of,,,,,,,,1.0,,,,,1.0,,,,,1.0,,,,,2.0,,2.0,,,,,,,,,,,,,,,,,,
355,Guatemala,Number of,,,,,,,,1.0,,,,,,,1.0,,,,,,,1.0,,,,,,,,1.0,,,1.0,,1.0,,,,1.0,,,,
356,Guatemala,Number of,,,,,,,,,,,,,,,,,,,,,,1.0,,,,,1.0,,,,,1.0,,,1.0,,,,,,,,
357,Guatemala,Number of,,,1.0,,,,,1.0,1.0,1.0,,,,,1.0,1.0,,,,1.0,2.0,,1.0,,,1.0,,2.0,2.0,1.0,1.0,3.0,,,1.0,2.0,,4.0,2.0,,2.0,3.0,1.0
358,Guatemala,Number of,,,,,,,,,,,,,,,,,,,1.0,,,,1.0,1.0,,2.0,,,1.0,,1.0,1.0,,,,1.0,1.0,1.0,,,,,
359,Guatemala,Number of,,,,,,,,,,,,,,,,,1.0,,1.0,,,1.0,1.0,,,1.0,,1.0,1.0,,3.0,1.0,,,1.0,,1.0,1.0,,2.0,3.0,,1.0
360,Guatemala,Number of,,,1.0,,,,,3.0,1.0,1.0,,,,,2.0,1.0,1.0,,2.0,1.0,2.0,3.0,3.0,2.0,,4.0,1.0,3.0,4.0,2.0,5.0,6.0,1.0,,4.0,3.0,2.0,6.0,3.0,2.0,5.0,3.0,2.0
361,Guatemala,Number of,,,,,,,,1.0,,,,,,,,,,,,,,,,1.0,,,,,,,,,,,,,,,,,,,
362,Guinea,Number of,1.0,,,,,,,,,,,,,,,,,,1.0,,,,,,,,,,,,,,,,,,,,,,,,
363,Guinea,Number of,,1.0,,,,,,,,,,,,1.0,,,,,,,,1.0,,,,,1.0,1.0,1.0,1.0,2.0,1.0,,1.0,,1.0,,1.0,,,1.0,1.0,1.0
364,Guinea,Number of,,,,,,,,,,,,,,,,,,,,,,,,,,,,,,,,,,,,1.0,,,,,,,
365,Guinea,Number of,,,,,,,,,,,,,,,,,,,,,1.0,,,,,,,,,,,,,,,,,,,,,,
366,Guinea,Number of,1.0,1.0,,,,,,,,,,,,1.0,,,,,1.0,,1.0,1.0,,,1.0,,1.0,1.0,1.0,1.0,2.0,1.0,,1.0,,2.0,,1.0,,,1.0,1.0,1.0
367,Guinea,Number of,,,,,,,,,,,,,,,,,,,,,,,,,1.0,,,,,,,,,,,,,,,,,,
368,Guinea-Bissau,Number of,1.0,,,,,,,,,,,,,,,,,,,,,,1.0,,,,1.0,,,,,,,,,,,,,,,,
369,Guinea-Bissau,Number of,,,,,,,,,,,,,,,,,,,,,,,,1.0,1.0,,,,1.0,,1.0,,,,,,,,,,,,
370,Guinea-Bissau,Number of,,,,,,,,1.0,,,,,,1.0,,,,,,,,,,,,,,,,,,,,,,,,,1.0,,,,
371,Guinea-Bissau,Number of,1.0,,,,,,,1.0,,,,,,1.0,,,,,1.0,,,,1.0,1.0,1.0,,1.0,,1.0,,1.0,,,,,,,,1.0,,,,
372,Guinea-Bissau,Number of,,,,,,,,,,,,,,,,,,,1.0,,,,,,,,,,,,,,,,,,,,,,,,
373,Guyana,Number of,,,,,,,,,1.0,,,,,,,,,1.0,,,,,,,,,,,,,1.0,,,,,,,,,,,,
374,Guyana,Number of,,,,,,,,,,1.0,,,,,,,1.0,,,,,,,,,1.0,1.0,,1.0,,,,,,,1.0,,1.0,,,,1.0,1.0
375,Guyana,Number of,,,,,,,,,1.0,1.0,,,,,,,1.0,1.0,,,,,,,,1.0,1.0,,1.0,,1.0,,,,,1.0,,1.0,,,,1.0,1.0
376,Haiti,Number of,1.0,,,,,,,,,,,,1.0,1.0,,,,,,,,,,1.0,,,,,,,,,,,1.0,,1.0,,,,,,
377,Haiti,Number of,,,,,,,2.0,4.0,4.0,2.0,,,,1.0,,,2.0,,,1.0,2.0,1.0,1.0,3.0,1.0,3.0,2.0,4.0,,3.0,3.0,2.0,3.0,1.0,1.0,1.0,6.0,2.0,,2.0,,1.0,2.0
378,Haiti,Number of,,,,,,,,,,1.0,,,,,,,,,,,,,,,,,,,,,,,,,,,,,,,,,
379,Haiti,Number of,1.0,,,,,,,,1.0,,1.0,,,,1.0,,2.0,,1.0,,,1.0,1.0,1.0,2.0,5.0,1.0,3.0,4.0,,2.0,2.0,2.0,,,1.0,1.0,3.0,,,1.0,2.0,
380,Haiti,Number of,2.0,,,,,,2.0,4.0,5.0,3.0,1.0,,1.0,2.0,1.0,,4.0,,1.0,1.0,2.0,2.0,2.0,5.0,3.0,8.0,3.0,7.0,4.0,3.0,5.0,4.0,5.0,1.0,2.0,2.0,8.0,5.0,,2.0,1.0,3.0,2.0
381,Honduras,Number of,,,,,,,,,,,,,,,1.0,,,1.0,,,1.0,1.0,1.0,,1.0,,,,,1.0,,,1.0,,1.0,,,,1.0,,,,
382,Honduras,Number of,,1.0,,,1.0,,1.0,,2.0,,1.0,,,2.0,2.0,1.0,1.0,,,1.0,,,3.0,2.0,,1.0,1.0,2.0,1.0,,2.0,1.0,,,2.0,,1.0,3.0,1.0,,1.0,,2.0
383,Honduras,Number of,,,1.0,,,,,,1.0,,,,,,,1.0,2.0,,1.0,,,1.0,,,,4.0,,1.0,1.0,,2.0,,,,,,1.0,1.0,,,3.0,,1.0
384,Honduras,Number of,,1.0,1.0,,1.0,,1.0,,3.0,,1.0,,,2.0,3.0,2.0,3.0,1.0,1.0,1.0,2.0,2.0,4.0,2.0,1.0,5.0,1.0,3.0,2.0,1.0,4.0,1.0,1.0,,3.0,,2.0,4.0,2.0,,4.0,1.0,3.0
385,Honduras,Number of,,,,,,,,,,,,,,,,,,,,,1.0,,,,,,,,,,,,,,,,,,,,,1.0,
386,Hungary,Number of,,,,,,,1.0,,,,,,1.0,,,,,,,,,,,1.0,,,,,,,,,,,,,,,,,,,
387,Hungary,Number of,,,,,,,,,,,,,,,,,,,,,,1.0,,,,1.0,,1.0,1.0,,,,1.0,,,,,,1.0,,,,
388,Hungary,Number of,,,,,,,,,,,,,,,,,1.0,1.0,,2.0,1.0,1.0,1.0,,1.0,2.0,1.0,,,,1.0,,,1.0,1.0,,1.0,,,,,,
389,Hungary,Number of,,,,,1.0,,,,,,,,,,,,,,,1.0,,,,1.0,,1.0,1.0,,,,,,,1.0,,,,1.0,,1.0,,,
390,Hungary,Number of,,,,,1.0,,1.0,,,,,,1.0,,,,1.0,1.0,,3.0,1.0,2.0,1.0,2.0,1.0,4.0,2.0,1.0,1.0,,1.0,,1.0,2.0,1.0,,1.0,1.0,1.0,1.0,,,
391,Iceland,Number of,,,,,,,,,1.0,,,,,,,,,,,,,,,,,,,,,,,,,,,,,,,,,,
392,Iceland,Number of,,,,1.0,,,,,,,,,,,,2.0,,,,,,,,,,,,,,,,,,,,,,,,,,,
393,Iceland,Number of,,,,1.0,,,,,1.0,,,,,,,2.0,,,,,,,,,,,,,,,,,,,,,,,,,,,
394,India,Number of,,,1.0,,,,,1.0,,,,,,1.0,,,1.0,,,,1.0,,1.0,,,,,,,1.0,,,,,,1.0,,,1.0,,,,
395,India,Number of,2.0,1.0,1.0,,1.0,2.0,,1.0,2.0,2.0,2.0,,1.0,,1.0,1.0,,,2.0,1.0,1.0,2.0,2.0,2.0,,2.0,1.0,3.0,1.0,2.0,1.0,2.0,2.0,1.0,3.0,1.0,1.0,1.0,1.0,2.0,,,1.0
396,India,Number of,5.0,1.0,2.0,4.0,5.0,5.0,3.0,4.0,3.0,2.0,4.0,8.0,4.0,5.0,2.0,3.0,6.0,6.0,3.0,2.0,6.0,9.0,6.0,6.0,6.0,17.0,17.0,16.0,8.0,6.0,8.0,7.0,6.0,5.0,7.0,10.0,8.0,9.0,9.0,5.0,5.0,9.0,3.0
397,India,Number of,1.0,,,1.0,,,2.0,,2.0,1.0,1.0,,1.0,1.0,,3.0,1.0,2.0,5.0,,3.0,3.0,,1.0,,2.0,,,1.0,2.0,1.0,,,,1.0,1.0,2.0,3.0,,,2.0,2.0,1.0
398,India,Number of,2.0,4.0,2.0,5.0,2.0,2.0,5.0,4.0,1.0,2.0,5.0,1.0,2.0,2.0,2.0,2.0,4.0,1.0,4.0,3.0,2.0,3.0,4.0,7.0,,4.0,2.0,1.0,1.0,6.0,7.0,3.0,1.0,5.0,5.0,6.0,3.0,5.0,11.0,5.0,4.0,5.0,2.0
399,India,Number of,10.0,6.0,6.0,10.0,9.0,9.0,10.0,10.0,8.0,7.0,12.0,9.0,8.0,9.0,5.0,9.0,12.0,9.0,14.0,7.0,13.0,17.0,13.0,16.0,6.0,25.0,20.0,20.0,11.0,17.0,17.0,12.0,9.0,11.0,16.0,19.0,15.0,18.0,23.0,12.0,11.0,16.0,7.0
400,India,Number of,,,,,1.0,,,,,,,,,,,,,,,1.0,,,,,,,,,,,,,,,,,1.0,,1.0,,,,
401,Indonesia,Number of,,,1.0,,1.0,,1.0,1.0,,,,,,,,,,1.0,,,,,,1.0,,,,,,,,,,,,1.0,,,,,,,
402,Indonesia,Number of,1.0,3.0,3.0,3.0,3.0,3.0,4.0,5.0,2.0,2.0,2.0,2.0,1.0,2.0,6.0,5.0,5.0,,1.0,1.0,3.0,4.0,7.0,8.0,1.0,3.0,8.0,8.0,12.0,5.0,7.0,6.0,7.0,10.0,6.0,6.0,10.0,7.0,6.0,11.0,25.0,18.0,13.0
403,Indonesia,Number of,1.0,1.0,2.0,1.0,,,,,1.0,1.0,,1.0,1.0,,,,1.0,,,2.0,4.0,4.0,1.0,4.0,4.0,2.0,3.0,2.0,1.0,2.0,1.0,2.0,2.0,2.0,2.0,3.0,2.0,2.0,2.0,2.0,1.0,2.0,
404,Indonesia,Number of,1.0,,1.0,,,1.0,,,,,,,,,,,,,,,,,,,2.0,,,,,,,,2.0,,,,,1.0,,,,1.0,
405,Indonesia,Number of,3.0,4.0,7.0,4.0,4.0,4.0,5.0,6.0,3.0,3.0,2.0,4.0,2.0,2.0,7.0,5.0,6.0,2.0,2.0,4.0,8.0,8.0,9.0,13.0,7.0,6.0,12.0,10.0,13.0,7.0,8.0,8.0,11.0,12.0,8.0,11.0,12.0,10.0,8.0,14.0,26.0,21.0,13.0
406,Indonesia,Number of,,,,,,,,,,,,1.0,,,1.0,,,1.0,1.0,1.0,1.0,,1.0,,,1.0,1.0,,,,,,,,,1.0,,,,1.0,,,
407,"Iran, Islamic Rep. of",Number of,,,,,,,,,,,,,,,,,,,,1.0,,,,,,,,,,,,,,,,,,,,,,1.0,
408,"Iran, Islamic Rep. of",Number of,2.0,1.0,,,,,2.0,6.0,1.0,1.0,1.0,4.0,2.0,3.0,3.0,3.0,3.0,2.0,3.0,4.0,3.0,4.0,3.0,1.0,2.0,4.0,1.0,1.0,2.0,,,,1.0,,1.0,5.0,,2.0,1.0,3.0,6.0,1.0,3.0
409,"Iran, Islamic Rep. of",Number of,,,,,,,,,,,1.0,,,,,,,,1.0,,,,,1.0,,,,,,,,,,,,,,,,,1.0,,
410,"Iran, Islamic Rep. of",Number of,,1.0,,,,,,,,,,1.0,1.0,1.0,,,1.0,,,,1.0,,,,1.0,1.0,,1.0,1.0,,,,,,,,1.0,,,,,2.0,
411,"Iran, Islamic Rep. of",Number of,2.0,2.0,,,,,2.0,6.0,1.0,1.0,2.0,5.0,3.0,4.0,3.0,3.0,4.0,2.0,4.0,5.0,4.0,4.0,4.0,2.0,3.0,5.0,1.0,2.0,3.0,,,,1.0,,1.0,5.0,1.0,2.0,1.0,3.0,7.0,4.0,3.0
412,"Iran, Islamic Rep. of",Number of,,,,,,,,,,,,,,,,,,,,,,,1.0,,,,,,,,,,,,,,,,,,,,
413,Iraq,Number of,,,,,,,,,,,,,,,,,,,1.0,,,,,,,,,,,,,,,,,,,,,,,1.0,
414,Iraq,Number of,,,,,,,,,,,,,,,,,,,,,,,,,1.0,,2.0,,1.0,1.0,,1.0,1.0,1.0,,1.0,,,1.0,1.0,1.0,2.0,
415,Iraq,Number of,,,,,,,,,,,,,,,,,,,,,,,,,,,,,,,,,,,,,,,,,,,1.0
416,Iraq,Number of,,,,,,,,,,,,,,,,,,,1.0,,,,,,1.0,,2.0,,1.0,1.0,,1.0,1.0,1.0,,1.0,,,1.0,1.0,1.0,3.0,1.0
417,Ireland,Number of,,,,,,,,1.0,,,,,,1.0,,,,,,,,,1.0,,,,,,,1.0,,1.0,,,,,,1.0,,,,,
418,Ireland,Number of,,,,1.0,,,1.0,,,,3.0,1.0,,,,,1.0,,1.0,1.0,1.0,,,,1.0,1.0,,,,,,,,,1.0,1.0,,,1.0,,1.0,,1.0
419,Ireland,Number of,,,,1.0,,,1.0,1.0,,,3.0,1.0,,1.0,,,1.0,,1.0,1.0,1.0,,1.0,,1.0,1.0,,,,1.0,,1.0,,,1.0,1.0,,1.0,1.0,,1.0,,1.0
420,Isle of Man,Number of,,,,,,,,,,,,,,,,,,,,,,,,,,,,,,,,,,,,,,,,,1.0,,
421,Isle of Man,Number of,,,,,,,,,,,,,,,,,,,,,,,,,,,,,,,,,,,,,,,,,1.0,,
422,Israel,Number of,,,,,,,,,,,,,,,,,,,,1.0,,,,,,,,,,,,,,,,,,,,,,,
423,Israel,Number of,,,,,,,,,,,,,1.0,,,,,,,,1.0,,,,,,,,,,,,,,,,,,,,,,
424,Israel,Number of,,,,,,,,,,,,,,,,,,1.0,1.0,,,,,,,,,,,,1.0,,,,,,,,1.0,,1.0,,
425,Israel,Number of,,,,,,,,,,,,1.0,,,,,,,,,1.0,,,,,,,,,,,,,1.0,,1.0,,,,,,,
426,Israel,Number of,,,,1.0,,,,,,,,1.0,1.0,,,1.0,,1.0,1.0,1.0,2.0,,,,,,,,,,2.0,,,1.0,,1.0,1.0,,1.0,,2.0,,
427,Israel,Number of,,,,1.0,,,,,,,,,,,,1.0,,,,,,,,,,,,,,,1.0,,,,,,1.0,,,,1.0,,
428,Italy,Number of,,,,,,,,,,,,,,,,,,1.0,,,,,1.0,,,,,,,,,,1.0,,,,,1.0,,,,,1.0
429,Italy,Number of,,,,,,,,,,,,,,,,,,,1.0,,,,,1.0,,1.0,,1.0,,1.0,1.0,1.0,1.0,,,,,,2.0,1.0,,,
430,Italy,Number of,,,,,,1.0,1.0,1.0,,,,,2.0,,1.0,,2.0,,,,4.0,2.0,3.0,2.0,,,,,3.0,1.0,1.0,2.0,1.0,1.0,4.0,3.0,1.0,1.0,1.0,1.0,3.0,1.0,
431,Italy,Number of,,,1.0,1.0,,,,2.0,,,,,,,,,1.0,,1.0,1.0,,,,,,,1.0,,,,,1.0,,,,,,,,,1.0,,1.0
432,Italy,Number of,,,,,,,,3.0,,,1.0,,,1.0,1.0,,,1.0,,,,1.0,,,1.0,,1.0,,,1.0,1.0,,,,1.0,1.0,,2.0,1.0,3.0,3.0,,1.0
433,Italy,Number of,,,1.0,2.0,,1.0,1.0,6.0,,,3.0,,2.0,1.0,3.0,,3.0,2.0,2.0,2.0,4.0,3.0,4.0,3.0,1.0,1.0,2.0,2.0,3.0,4.0,3.0,4.0,3.0,1.0,5.0,4.0,1.0,4.0,4.0,5.0,7.0,2.0,3.0
434,Italy,Number of,,,,1.0,,,,,,,2.0,,,,1.0,,,,,1.0,,,,,,,,1.0,,1.0,,,,,,,,,,,,1.0,
435,Jamaica,Number of,,1.0,,,,,,,,,,,,,,,,,,,1.0,,,,,,,,,,,,,,1.0,,,,,,,,
436,Jamaica,Number of,,,,,,,1.0,1.0,1.0,,,1.0,,1.0,,,,,,,,,1.0,,,,1.0,,,,,,,,,,,,,,,,
437,Jamaica,Number of,1.0,,,,,1.0,,,1.0,,,,,,1.0,,1.0,,,,,1.0,2.0,,2.0,3.0,,2.0,2.0,,1.0,,1.0,,,,1.0,1.0,,,,,
438,Jamaica,Number of,1.0,1.0,,,,1.0,1.0,1.0,2.0,,,1.0,,1.0,1.0,,1.0,,,,1.0,1.0,3.0,,2.0,3.0,1.0,2.0,2.0,,1.0,,1.0,,1.0,,1.0,1.0,,,,,
439,Japan,Number of,,,,,,,,,,,,,,,,,,,,,,,,,1.0,,,1.0,1.0,1.0,1.0,1.0,,1.0,1.0,3.0,2.0,,1.0,2.0,,,1.0
440,Japan,Number of,1.0,,1.0,,,,1.0,,1.0,1.0,1.0,,,1.0,,1.0,,,1.0,2.0,1.0,1.0,,1.0,2.0,1.0,2.0,1.0,1.0,,1.0,1.0,1.0,1.0,,1.0,1.0,1.0,1.0,3.0,1.0,2.0,1.0
441,Japan,Number of,,1.0,,2.0,1.0,,2.0,,,1.0,,,,2.0,,,1.0,1.0,1.0,,,,,,,,,,,2.0,,,,,1.0,,,,,,,1.0,
442,Japan,Number of,1.0,4.0,4.0,2.0,,2.0,2.0,1.0,,2.0,2.0,5.0,2.0,3.0,3.0,1.0,1.0,2.0,5.0,1.0,3.0,4.0,5.0,2.0,8.0,3.0,3.0,3.0,,2.0,,3.0,6.0,7.0,9.0,6.0,4.0,3.0,3.0,4.0,3.0,1.0,4.0
443,Japan,Number of,2.0,5.0,5.0,4.0,1.0,2.0,5.0,1.0,1.0,4.0,3.0,5.0,2.0,6.0,3.0,2.0,2.0,3.0,7.0,3.0,4.0,5.0,6.0,3.0,11.0,4.0,5.0,5.0,2.0,5.0,2.0,5.0,7.0,9.0,11.0,10.0,7.0,4.0,5.0,9.0,4.0,4.0,6.0
444,Japan,Number of,,,,,,,,,,,,,,,,,,,,,,,1.0,,,,,,,,,,,,,,,,,,,,
445,Jordan,Number of,,,,,,,,,,,,,,,,,,,,1.0,1.0,,,,,,,,,,,,,,,,,,,,,,
446,Jordan,Number of,,,,,,,,,,,,,1.0,,,,,,,,1.0,,,,,,,,,,,,,,,,,,,,,,
447,Jordan,Number of,,,,,,,,1.0,,,,1.0,,,,,,1.0,,,,,,,,,,,,,,,,,,,,,2.0,,,,
448,Jordan,Number of,,,,,,,,,,,,1.0,,,,,,,,,1.0,,1.0,,,,,,,,,,,,,,,,,,,,
449,Jordan,Number of,,,,,,,,1.0,,,,2.0,1.0,,,,,1.0,,1.0,3.0,,1.0,,,,,,,,,,,,,,,,2.0,,,,
450,"Kazakhstan, Rep. of",Number of,,,,,,,,,,,,,,,,,,,,,,,,,,,,,,,,,,,,,,,,,,1.0,
451,"Kazakhstan, Rep. of",Number of,,,,,,,,,,,,,,,,,,1.0,,,,1.0,,,,,,,,,,,1.0,,,,,,,,,,
452,"Kazakhstan, Rep. of",Number of,,,,,,,,,,,,,,1.0,,,,,,,1.0,1.0,,,,1.0,,,1.0,,2.0,1.0,1.0,,1.0,1.0,,1.0,1.0,,1.0,,
453,"Kazakhstan, Rep. of",Number of,,,,,,,,,,,,,,,,,,,,,,,,,1.0,,,,,,,,,,,,,,,,,,
454,"Kazakhstan, Rep. of",Number of,,,,,,,,,,,,,,,,1.0,,,,,,,,,,,,,,,,,,,,,,,,,,,
455,"Kazakhstan, Rep. of",Number of,,,,,,,,,,,,,,1.0,,1.0,,2.0,,,1.0,2.0,,,1.0,1.0,,,1.0,,2.0,1.0,2.0,,1.0,1.0,,1.0,1.0,,1.0,1.0,
456,"Kazakhstan, Rep. of",Number of,,,,,,,,,,,,,,,,,,1.0,,,,,,,,,,,,,,,,,,,,,,,,,
457,Kenya,Number of,,,,1.0,,,,,,,,1.0,,,1.0,,1.0,,,1.0,,,,,1.0,1.0,,,1.0,,1.0,1.0,,,1.0,,1.0,,,1.0,1.0,,
458,Kenya,Number of,,,1.0,,,,,,,,1.0,,,,,,1.0,1.0,1.0,,,1.0,4.0,2.0,2.0,3.0,4.0,3.0,6.0,2.0,2.0,3.0,1.0,4.0,,3.0,2.0,1.0,3.0,1.0,1.0,1.0,
459,Kenya,Number of,,,,,,,,,,,,,,,,,,,,,,,1.0,,,,,1.0,1.0,,1.0,,,,,,,,,1.0,,,
460,Kenya,Number of,,,,,,,,,1.0,,,,,,,,,,,,,,,,,,,,,,,,,,,,,,,,,,
461,Kenya,Number of,,,1.0,1.0,,,,,1.0,,1.0,1.0,,,1.0,,2.0,1.0,1.0,1.0,,1.0,5.0,2.0,3.0,4.0,4.0,4.0,8.0,2.0,4.0,4.0,1.0,4.0,1.0,3.0,3.0,1.0,3.0,3.0,2.0,1.0,
462,Kiribati,Number of,,,,,,,,,,,,,,,,,,,,1.0,,,,,,,,,,,,,,,,,,,,,,,
463,Kiribati,Number of,,,,,,,,,,,,,,,,,,,,,,,,,,,,,1.0,,,,,,1.0,,,,,,,,
464,Kiribati,Number of,,,,,,,,,,,,,,,,,,,,,,,,,,,,,,,,,,,,1.0,,,,,,,
465,Kiribati,Number of,,,,,,,,,,,,,,,,,,,,1.0,,,,,,,,,1.0,,,,,,1.0,1.0,,,,,,,
466,"Korea, Dem. People's Rep. of",Number of,,,,,,,,,,,,,,,,,,,,,,,,,,,,,,,,,1.0,,,1.0,,1.0,,1.0,,,
467,"Korea, Dem. People's Rep. of",Number of,,,,,,,,,,,,,,,,,,,,,,,,,,,,,,,,,,,,,,,1.0,,,,
468,"Korea, Dem. People's Rep. of",Number of,,,,,,,,2.0,,,,,,,,2.0,1.0,1.0,1.0,1.0,,2.0,1.0,,2.0,1.0,2.0,1.0,,,2.0,2.0,1.0,1.0,,1.0,2.0,,1.0,,1.0,1.0,
469,"Korea, Dem. People's Rep. of",Number of,,,,,,,,,,,,,,1.0,,,,1.0,,,1.0,,1.0,,,,,1.0,,,1.0,1.0,1.0,,,,,,1.0,1.0,,,
470,"Korea, Dem. People's Rep. of",Number of,,,,,,,,2.0,,,,,,1.0,,2.0,1.0,2.0,1.0,1.0,1.0,2.0,2.0,,2.0,1.0,2.0,2.0,,,3.0,3.0,3.0,1.0,,2.0,2.0,1.0,3.0,2.0,1.0,1.0,
471,"Korea, Rep. of",Number of,,,,,,,,,,,,,,,,,,,,,,1.0,,,,,,,,,,,,,,,,,,,,,
472,"Korea, Rep. of",Number of,,,,,,,,,,,1.0,,,,,,,,,,,,,,,,,,,,,,,,,,1.0,,1.0,,,,1.0
473,"Korea, Rep. of",Number of,,,,,1.0,,,1.0,,,1.0,1.0,1.0,,,,1.0,2.0,1.0,1.0,2.0,2.0,1.0,,2.0,1.0,1.0,1.0,1.0,,,2.0,,,1.0,,,,,,2.0,,1.0
474,"Korea, Rep. of",Number of,,1.0,,,1.0,,,,1.0,,,,,1.0,,,1.0,,,,,,,,,,,,,,,1.0,,,,,,,,,,,
475,"Korea, Rep. of",Number of,2.0,1.0,2.0,,,1.0,1.0,2.0,,1.0,1.0,1.0,1.0,1.0,1.0,2.0,,,3.0,1.0,2.0,1.0,3.0,1.0,4.0,3.0,,1.0,,,1.0,,3.0,,2.0,,1.0,,,3.0,3.0,1.0,1.0
476,"Korea, Rep. of",Number of,2.0,2.0,2.0,,2.0,1.0,1.0,3.0,1.0,1.0,3.0,2.0,2.0,2.0,1.0,2.0,2.0,2.0,4.0,2.0,5.0,4.0,4.0,1.0,7.0,5.0,1.0,2.0,1.0,,1.0,3.0,3.0,,3.0,,2.0,,1.0,4.0,5.0,1.0,4.0
477,"Korea, Rep. of",Number of,,,,,,,,,,,,,,,,,,,,,1.0,,,,1.0,1.0,,,,,,,,,,,,,,1.0,,,1.0
478,Kuwait,Number of,,,,,,,,,,,,,,,,,,1.0,,,,,,,,,,,,,,,,,,,,,1.0,,,,
479,Kuwait,Number of,,,,,,,,,,,,,,,,,,1.0,,,,,,,,,,,,,,,,,,,,,1.0,,,,
480,Kyrgyz Rep.,Number of,,,,,,,,,,,,,,,,,,,,,,,,,,,,,,1.0,,,,,,,,,,,,,
481,Kyrgyz Rep.,Number of,,,,,,,,,,,,,,,,,,,,,1.0,,,,,,,,,,,,1.0,,,,,,,,,,1.0
482,Kyrgyz Rep.,Number of,,,,,,,,,,,,,,,,,,,1.0,,,,,,,1.0,,1.0,,,,,1.0,,,,,,,,,,
483,Kyrgyz Rep.,Number of,,,,,,,,,,,,,,,2.0,,,,,,,,1.0,1.0,3.0,,,,,,1.0,,,,,,,1.0,,,,1.0,
484,Kyrgyz Rep.,Number of,,,,,,,,,,,,,,,,,,,,,,,,,,,1.0,,,,,,,,1.0,,,,,,,,
485,Kyrgyz Rep.,Number of,,,,,,,,,,,,,,,2.0,,,,1.0,,1.0,,1.0,1.0,3.0,1.0,1.0,1.0,,1.0,1.0,,2.0,,1.0,,,1.0,,,,1.0,1.0
486,Lao People's Dem. Rep.,Number of,,,,,,,,1.0,1.0,,,1.0,,,,,,,,1.0,,,,,,,,,,,,,,,,,,,,1.0,,,
487,Lao People's Dem. Rep.,Number of,,1.0,,,1.0,,,,,,,1.0,1.0,,1.0,2.0,1.0,,,,1.0,1.0,1.0,,,,,,1.0,1.0,,2.0,,2.0,1.0,2.0,1.0,,1.0,1.0,,,1.0
488,Lao People's Dem. Rep.,Number of,,,,,,,,,,,,1.0,1.0,1.0,,1.0,,,,,,,,,,,,,,1.0,,,,,,,,1.0,2.0,,2.0,1.0,
489,Lao People's Dem. Rep.,Number of,,1.0,,,1.0,,,1.0,1.0,,,3.0,2.0,1.0,1.0,3.0,1.0,,,1.0,1.0,1.0,1.0,,,,,,1.0,2.0,,2.0,,2.0,1.0,2.0,1.0,1.0,3.0,2.0,2.0,1.0,1.0
490,Latvia,Number of,,,,,,,,,,,,,,,,,,,,,,1.0,,1.0,,1.0,,,,,,,1.0,,,,,,,,,,
491,Latvia,Number of,,,,,,,,,,,,,,,,,,,,1.0,,,,,,2.0,,,,,,,,,,,,,,,,,
492,Latvia,Number of,,,,,,,,,,,,,,,,,,,,1.0,,1.0,,1.0,,3.0,,,,,,,1.0,,,,,,1.0,,,,
493,Latvia,Number of,,,,,,,,,,,,,,,,,,,,,,,,,,,,,,,,,,,,,,,1.0,,,,
494,Lebanon,Number of,,,,,,,,1.0,,,,,,,,,,,,,,,,1.0,,,,,,,,,,,,,,,,,,,
495,Lebanon,Number of,,,,,,,,,,,,,1.0,,,,,,,,,,1.0,,,,,,,,,,,,,3.0,,,1.0,1.0,,,
496,Lebanon,Number of,,,,,,,,1.0,,,,,1.0,,,,,,,,,,1.0,1.0,,,,1.0,,,,,,,,3.0,,,1.0,1.0,1.0,,
497,Lebanon,Number of,,,,,,,,,,,,,,,,,,,,,,,,,,,,1.0,,,,,,,,,,,,,1.0,,
498,"Lesotho, Kingdom of",Number of,,,,1.0,,,,,,,1.0,,,,,,,,,,,,1.0,,,,,1.0,,,,1.0,,,,,1.0,,,1.0,1.0,,
499,"Lesotho, Kingdom of",Number of,,,,,,1.0,,1.0,,,1.0,,,,,,,,,,,,,,,,,,,,,2.0,,,,,,,,,,,
500,"Lesotho, Kingdom of",Number of,,,,,,,,,,1.0,,,,,,,1.0,,,,,2.0,,,,,,,1.0,,,,,,1.0,,,,,,,1.0,
501,"Lesotho, Kingdom of",Number of,,,,1.0,,1.0,,1.0,,1.0,2.0,,,,,,1.0,,,,,2.0,1.0,,,,,1.0,1.0,,,3.0,,,1.0,,1.0,,,1.0,1.0,1.0,
502,Liberia,Number of,1.0,,,,,,,,,,,,,,,,,,,,,,,,,,,,,,,,,,,,,,,,,,
503,Liberia,Number of,,,,,,,,,,,1.0,,,,,,,,,,,,,,,,,,,,,,,,,,,,,,,,
504,Liberia,Number of,,,,,,,,,,,,,,,,,,,1.0,,,,,,,,,1.0,1.0,1.0,1.0,,,,,,1.0,,,,,,
505,Liberia,Number of,,,,,,,,,,,,,,,,1.0,,,,,,,,,,,,1.0,,,,,,,,,,,,,,,
506,Liberia,Number of,1.0,,,,,,,,,,1.0,,,,,1.0,,,1.0,,,,,,,,,2.0,1.0,1.0,1.0,,,,,,1.0,,,,,,
507,Libya,Number of,,,,,,,,,,,,,,,,1.0,,,,,,,,,,,,,,,,,,1.0,,,,,,1.0,,,
508,Libya,Number of,,,,,,,,,,,,,,,,1.0,,,,,,,,,,,,,,,,,,1.0,,,,,,1.0,,,
509,Lithuania,Number of,,,,,,,,,,,,,1.0,,,,,,,,,,,,,,1.0,,,,,,,,,,,,1.0,,,,
510,Lithuania,Number of,,,,,,,,,,,,,,,,,,,,1.0,,1.0,,,,,,,,,1.0,,2.0,,,,,,1.0,,,,
511,Lithuania,Number of,,,,,,,,,,,,,,,,,,,,,,,,,,1.0,,,,,1.0,,,,,,,,,,,,
512,Lithuania,Number of,,,,,,,,,,,,,,1.0,,,,,,1.0,,,,,,1.0,,,,,,,,,,,,,,,,,
513,Lithuania,Number of,,,,,,,,,,,,,1.0,1.0,,,,,,2.0,,1.0,,,,2.0,1.0,,,,2.0,,2.0,,,,,,2.0,,,,
514,Luxembourg,Number of,,,,,,,,,,,,,,,,,,,,,,,,1.0,,,,,,,,,,,,,,,,,,,
515,Luxembourg,Number of,,,,1.0,,,,,,,,,,1.0,,,,,,,,,,,,,,,,,,,,,,,,,,,,1.0,
516,Luxembourg,Number of,,,,,,,,,,,6.0,,,,,1.0,,,,,,,,,,,,,,,1.0,,,,,,,,,1.0,,,
517,Luxembourg,Number of,,,,1.0,,,,,,,6.0,,,1.0,,1.0,,,,,,,,1.0,,,,,,,1.0,,,,,,,,,1.0,,1.0,
518,"Madagascar, Rep. of",Number of,,1.0,,,,,,,1.0,,,,,,,,,,,,1.0,,1.0,,,1.0,,,1.0,,,,,,1.0,,1.0,1.0,,,1.0,,
519,"Madagascar, Rep. of",Number of,,,,,,,1.0,,,,,,,,,,,,1.0,,,,,1.0,,2.0,,1.0,,,,,,,,1.0,,,,1.0,1.0,1.0,1.0
520,"Madagascar, Rep. of",Number of,,1.0,1.0,1.0,1.0,,1.0,,,1.0,,1.0,,,3.0,,1.0,2.0,,,2.0,,3.0,3.0,2.0,1.0,2.0,3.0,3.0,3.0,1.0,1.0,3.0,2.0,1.0,2.0,,1.0,2.0,2.0,1.0,1.0,6.0
521,"Madagascar, Rep. of",Number of,,2.0,1.0,1.0,1.0,,2.0,,1.0,1.0,,1.0,,,3.0,,1.0,2.0,1.0,,3.0,,4.0,4.0,2.0,4.0,2.0,4.0,4.0,3.0,1.0,1.0,3.0,2.0,2.0,3.0,1.0,2.0,2.0,3.0,3.0,2.0,7.0
522,Malawi,Number of,,,,,,,,1.0,,,1.0,,1.0,,,,,,,,,,1.0,,,1.0,,1.0,,,,,1.0,,,1.0,,,,,,,1.0
523,Malawi,Number of,,,1.0,,,,,,,1.0,,1.0,,,,2.0,,1.0,1.0,1.0,1.0,2.0,2.0,2.0,,1.0,2.0,4.0,1.0,,1.0,3.0,2.0,1.0,,1.0,1.0,1.0,3.0,2.0,1.0,,1.0
524,Malawi,Number of,,,,,,,,,,,,,,,,,,,,,,,,,,,,,,,,,,,,,,,,1.0,,,
525,Malawi,Number of,,,,,,,,,,,,,,,,,,,,,,,,,,1.0,,,,,,,1.0,,,1.0,,,,,,1.0,2.0
526,Malawi,Number of,,,1.0,,,,,1.0,,1.0,1.0,1.0,1.0,,,2.0,,1.0,1.0,1.0,1.0,2.0,3.0,2.0,,3.0,2.0,5.0,1.0,,1.0,3.0,4.0,1.0,,3.0,1.0,1.0,3.0,3.0,1.0,1.0,4.0
527,Malaysia,Number of,,,,,,,,,,,,,,,,,,,1.0,,,,,,,,,,,,,,,,1.0,,,,,,,,
528,Malaysia,Number of,,,,1.0,,,1.0,1.0,1.0,,,,,1.0,,,1.0,,1.0,1.0,1.0,4.0,,3.0,3.0,2.0,4.0,2.0,2.0,2.0,,1.0,,1.0,1.0,1.0,4.0,3.0,2.0,4.0,5.0,8.0,5.0
529,Malaysia,Number of,,,,,,,,,,,,,,,,1.0,1.0,,,,,,1.0,,,,,,,,,1.0,,,,,,,,,,,1.0
530,Malaysia,Number of,,,,,,,,,,,,,,,,,1.0,1.0,,,1.0,,1.0,,2.0,,,,,,,,,,,,,1.0,,,,,
531,Malaysia,Number of,,,,1.0,,,1.0,1.0,1.0,,,,,1.0,,2.0,3.0,2.0,3.0,1.0,2.0,4.0,2.0,3.0,5.0,3.0,4.0,2.0,2.0,2.0,,2.0,,1.0,2.0,1.0,4.0,4.0,2.0,4.0,5.0,8.0,6.0
532,Malaysia,Number of,,,,,,,,,,,,,,,,1.0,,1.0,1.0,,,,,,,1.0,,,,,,,,,,,,,,,,,
533,Maldives,Number of,,,,,,,,1.0,,,,,,,,,,,,,,,,,,,,1.0,,,,,,,,,,,,1.0,,,
534,Maldives,Number of,,,,,,,,,,,,1.0,,,,,,,,,,,,,,,,,,,,,,,,,,,,,,1.0,
535,Maldives,Number of,,,,,,,,1.0,,,,1.0,,,,,,,,,,,,,,,,1.0,,,,,,,,,,,,1.0,,1.0,
536,Mali,Number of,1.0,,,,,,,,,,,1.0,,,,,,,,,,1.0,,,,1.0,1.0,,,,1.0,1.0,,,,,,,,,1.0,,1.0
537,Mali,Number of,,,,,,,,,1.0,1.0,,,,,,,,,2.0,1.0,1.0,1.0,1.0,1.0,,2.0,1.0,2.0,1.0,1.0,2.0,1.0,,2.0,,1.0,1.0,,1.0,2.0,,,1.0
538,Mali,Number of,1.0,,,,,,,,1.0,1.0,,1.0,,,,,,,2.0,1.0,1.0,2.0,1.0,1.0,,3.0,2.0,2.0,1.0,1.0,3.0,2.0,,2.0,,1.0,1.0,,1.0,2.0,1.0,,2.0
539,"Marshall Islands, Rep. of the",Number of,,,,,,,,,,,,,,,,,,,,,,,,,,,,,,,,,,1.0,,1.0,,,,,,,1.0
540,"Marshall Islands, Rep. of the",Number of,,,,,,,,,,,,,,,,,,,,,,,,,,,,,1.0,,,,,,1.0,,,,,,,,
541,"Marshall Islands, Rep. of the",Number of,,,,,,,,,,,,1.0,,,,,,,,,,,,,,,,,,,,,,,,,,,1.0,,,,
542,"Marshall Islands, Rep. of the",Number of,,,,,,,,,,,,1.0,,,,,,,,,,,,,,,,,1.0,,,,,1.0,1.0,1.0,,,1.0,,,,1.0
543,"Mauritania, Islamic Rep. of",Number of,1.0,,,,,,,,,,,,,1.0,,,,1.0,,,,1.0,,,,,,,,,1.0,1.0,,,,,,1.0,1.0,,1.0,,
544,"Mauritania, Islamic Rep. of",Number of,,,,,1.0,1.0,,,,,,,,,,1.0,,,,2.0,,1.0,1.0,1.0,,1.0,2.0,2.0,,1.0,1.0,,,1.0,,,,,,1.0,2.0,,1.0
545,"Mauritania, Islamic Rep. of",Number of,,,,,,,,,,,,1.0,,,,,,,,1.0,,,,,,,,,,,,,,,,,,1.0,,,,,
546,"Mauritania, Islamic Rep. of",Number of,1.0,,,,1.0,1.0,,,,,,1.0,,1.0,,1.0,,1.0,,3.0,,2.0,1.0,1.0,,1.0,2.0,2.0,,1.0,2.0,1.0,,1.0,,,,2.0,1.0,1.0,3.0,,1.0
547,Mauritius,Number of,,,,,,,,,,,,,,,,,,,,1.0,,,,,,,,,,,,,,,,,,,,,,,
548,Mauritius,Number of,,,,,,,,,,,,,,,,,,,,,,,,,,,,,,,,,,1.0,,,,,,,,,
549,Mauritius,Number of,,,2.0,1.0,,,,,,1.0,,1.0,,,1.0,,1.0,,,1.0,,,1.0,,,,,1.0,,,,,,,,,,,1.0,,,,1.0
550,Mauritius,Number of,,,2.0,1.0,,,,,,1.0,,1.0,,,1.0,,1.0,,,2.0,,,1.0,,,,,1.0,,,,,,1.0,,,,,1.0,,,,1.0
551,Mexico,Number of,,,,,,,,,1.0,,,,,,,1.0,1.0,,,1.0,,,1.0,,,,,,,,,1.0,,,,,,,,,,,
552,Mexico,Number of,,,,,,,,,1.0,,1.0,,2.0,,,1.0,,2.0,1.0,1.0,1.0,,1.0,1.0,1.0,,1.0,,,,,1.0,,,,,,,,,,,
553,Mexico,Number of,2.0,,2.0,,1.0,,1.0,2.0,,1.0,1.0,2.0,,2.0,,,1.0,,2.0,4.0,3.0,1.0,2.0,3.0,2.0,3.0,1.0,2.0,1.0,5.0,2.0,3.0,,1.0,,1.0,5.0,1.0,1.0,3.0,2.0,3.0,2.0
554,Mexico,Number of,,,,1.0,,,,,,,,,,,,,,1.0,1.0,,,,,1.0,,,2.0,1.0,1.0,,2.0,,,,,,,,,,,,
555,Mexico,Number of,,1.0,1.0,2.0,1.0,,,,3.0,,1.0,1.0,1.0,5.0,,5.0,4.0,3.0,4.0,1.0,2.0,5.0,3.0,2.0,,4.0,3.0,4.0,1.0,2.0,4.0,5.0,2.0,4.0,6.0,3.0,2.0,4.0,2.0,3.0,5.0,7.0,3.0
556,Mexico,Number of,2.0,1.0,3.0,3.0,2.0,,1.0,2.0,5.0,2.0,3.0,3.0,3.0,7.0,,7.0,6.0,6.0,9.0,7.0,6.0,6.0,7.0,8.0,3.0,7.0,7.0,7.0,3.0,7.0,8.0,11.0,2.0,5.0,6.0,4.0,7.0,5.0,3.0,6.0,7.0,10.0,5.0
557,Mexico,Number of,,,,,,,,,,1.0,,,,,,,,,1.0,,,,,1.0,,,,,,,,1.0,,,,,,,,,,,
558,"Micronesia, Federated States of",Number of,,,,,,,,,,,,,,,,,,,1.0,,,,,,,,,,,,,,,,,,1.0,,,,,,
559,"Micronesia, Federated States of",Number of,,,,,,,,,,,,,,,,,,,,,,,,,,,,,1.0,,,,,,,,,,,,,,
560,"Micronesia, Federated States of",Number of,,,,,,,,1.0,,,,,,,,,,,,,,,2.0,1.0,1.0,,,,,,,,,,,1.0,,,,1.0,,,
561,"Micronesia, Federated States of",Number of,,,,,,,,1.0,,,,,,,,,,,1.0,,,,2.0,1.0,1.0,,,,1.0,,,,,,,1.0,1.0,,,1.0,,,
562,"Moldova, Rep. of",Number of,,,,,,,,,,,,,,,,,,,,,1.0,,,,,,,1.0,,,,,1.0,,,,,,,,,,
563,"Moldova, Rep. of",Number of,,,,,,,,,,,,,,,,,,,,,,,,,,1.0,,,,,,,1.0,,,,,,,1.0,,,
564,"Moldova, Rep. of",Number of,,,,,,,,,,,,,,,1.0,,,1.0,,1.0,,,1.0,,,1.0,,,1.0,,1.0,,,,,,,,,,,,
565,"Moldova, Rep. of",Number of,,,,,,,,,,,,,,,1.0,,,,,,1.0,,,,,,,,,,,,,,,,,,,,,,
566,"Moldova, Rep. of",Number of,,,,,,,,,,,,,,,2.0,,,1.0,,1.0,2.0,,1.0,,,2.0,,1.0,1.0,,1.0,,2.0,,,,,,,1.0,,,
567,Mongolia,Number of,,,,,,,,,,,,,,,,,,,,,1.0,,,,,,,,,,,,,,,,,,,,,,
568,Mongolia,Number of,,,,,,,,,,,,,,,,,,,,,,,,,,,,,,1.0,,,,,,1.0,1.0,,1.0,1.0,,,1.0
569,Mongolia,Number of,,,1.0,,,,,,,,,,,,1.0,,1.0,,,,,,,1.0,,,,,,1.0,,,,,,,,,1.0,1.0,3.0,1.0,1.0
570,Mongolia,Number of,,,,,,,,,,,,,,,,,,,,,,,,,,,,,,,,,,,,,,1.0,,,,,
571,Mongolia,Number of,,,,,,,,,,,1.0,1.0,,1.0,,,,,,,2.0,1.0,2.0,,,,,,1.0,,,,,,,,,,1.0,1.0,1.0,1.0,
572,Mongolia,Number of,,,1.0,,,,1.0,,,,2.0,1.0,,1.0,1.0,,2.0,,,,3.0,1.0,2.0,1.0,,,,,1.0,2.0,,,,,,1.0,1.0,1.0,3.0,3.0,4.0,2.0,2.0
573,Mongolia,Number of,,,,,,,1.0,,,,1.0,,,,,,1.0,,,,,,,,,,,,,,,,,,,,,,,,,,
574,Montenegro,Number of,,,,,,,,,,,,,,,,,,,,,,,,,,,,,,,,,1.0,,,,,,,,,,
575,Montenegro,Number of,,,,,,,,,,,,,,,,,,,,,,,,,,,,1.0,,1.0,2.0,,,,,,,,,,,,
576,Montenegro,Number of,,,,,,,,,,,,,,,,,,,,,,,,,,,,1.0,,1.0,2.0,,1.0,,,,,1.0,,,,,
577,Montenegro,Number of,,,,,,,,,,,,,,,,,,,,,,,,,,,,,,,,,,,,,,1.0,,,,,
578,Montserrat,Number of,,,,,,,,,,1.0,1.0,,,,,1.0,,,,,,,,,,,,,,,,,,,,,,,,,,,
579,Montserrat,Number of,,,,,,,,,,1.0,1.0,,,,,1.0,,,,,,,,,,,,,,,,,,,,,,,,,,,
580,Morocco,Number of,,,,1.0,1.0,,,,,,,,,,,,,,,1.0,,,,,,,,,,,,,,,,,,,,,,,
581,Morocco,Number of,,,,,,,,,,,,,,,,,,,,,1.0,,,,,,,,,,,,1.0,,,,1.0,2.0,1.0,,,,
582,Morocco,Number of,,,,,,,,,,,,,,,,3.0,1.0,1.0,,,2.0,1.0,1.0,1.0,,,3.0,,2.0,2.0,2.0,,,,1.0,,,,,2.0,,2.0,
583,Morocco,Number of,,,1.0,,,,,,,,,,,,,,,,,,,,,,,,,,,,,,,,,,,,,1.0,,,
584,Morocco,Number of,,,,,,,,,,,,,,,,,1.0,,,,,,,,,1.0,,,,,,,,,2.0,,,,,,,,
585,Morocco,Number of,,,1.0,1.0,1.0,,,,,,,,,,,3.0,2.0,1.0,,1.0,3.0,1.0,1.0,1.0,,1.0,3.0,,2.0,2.0,2.0,,1.0,,3.0,,1.0,2.0,1.0,3.0,,2.0,
586,"Mozambique, Rep. of",Number of,,1.0,,,,,,1.0,,,1.0,,,,,,,,1.0,,,2.0,,1.0,,1.0,,1.0,1.0,,1.0,,,,,,1.0,,,,1.0,1.0,
587,"Mozambique, Rep. of",Number of,,1.0,,,,1.0,,,,1.0,,,,,,,,1.0,,1.0,1.0,2.0,1.0,3.0,,2.0,,4.0,1.0,1.0,1.0,2.0,,1.0,2.0,1.0,2.0,,1.0,3.0,2.0,1.0,1.0
588,"Mozambique, Rep. of",Number of,,,,,,,,,,,,,,,,,,,1.0,,,,,,,,,,,,,,,,,,,,1.0,,,,
589,"Mozambique, Rep. of",Number of,,,,,1.0,1.0,,,1.0,,,,,,1.0,,1.0,1.0,,,4.0,,1.0,1.0,,,,1.0,1.0,1.0,,1.0,3.0,,,,1.0,1.0,,2.0,,1.0,3.0
590,"Mozambique, Rep. of",Number of,,2.0,,,1.0,2.0,,1.0,1.0,1.0,1.0,,,,1.0,,1.0,2.0,2.0,1.0,5.0,4.0,2.0,5.0,,3.0,,6.0,4.0,2.0,2.0,3.0,3.0,1.0,2.0,1.0,4.0,1.0,2.0,5.0,3.0,3.0,4.0
591,"Mozambique, Rep. of",Number of,,,,,,,,,,,,,,,,,,,,,,,,,,,,,1.0,,,,,,,,,,,,,,
592,Myanmar,Number of,,,,,,,,,,,,1.0,1.0,,,1.0,,1.0,,1.0,,1.0,1.0,,,,1.0,4.0,,,,1.0,1.0,1.0,2.0,3.0,2.0,1.0,3.0,2.0,1.0,1.0,
593,Myanmar,Number of,,,,,,,,,,,,,,,,,,,,,,,,,,1.0,,,,1.0,1.0,,,1.0,,2.0,1.0,,1.0,1.0,1.0,,
594,Myanmar,Number of,,,1.0,,,,,,,,,,,,1.0,,,,,,,,,,1.0,,1.0,,1.0,,1.0,,,,,1.0,2.0,1.0,,,,,
595,Myanmar,Number of,,1.0,1.0,,,,,,,,,1.0,1.0,,1.0,1.0,,1.0,,1.0,,1.0,1.0,,1.0,1.0,2.0,4.0,1.0,1.0,2.0,1.0,1.0,2.0,2.0,6.0,5.0,2.0,4.0,3.0,2.0,1.0,
596,Myanmar,Number of,,1.0,,,,,,,,,,,,,,,,,,,,,,,,,,,,,,,,,,,,,,,,,
597,Namibia,Number of,,1.0,,,,,,,,,1.0,,,,,1.0,,,1.0,,,1.0,1.0,,,,,,,,,,,1.0,,1.0,,,1.0,,,,
598,Namibia,Number of,,,,,,,,,,,,,,,,,,,,,1.0,,,1.0,2.0,,2.0,1.0,1.0,1.0,1.0,1.0,1.0,1.0,,,,1.0,,,1.0,1.0,
599,Namibia,Number of,,1.0,,,,,,,,,1.0,,,,,1.0,,,1.0,,1.0,1.0,1.0,1.0,2.0,,2.0,1.0,1.0,1.0,1.0,1.0,1.0,2.0,,1.0,,1.0,1.0,,1.0,1.0,
600,Nepal,Number of,,,,,,,,,,,,,,,,,,,,,,,,,,,1.0,,,1.0,,,,,,,,,,,,,
601,Nepal,Number of,,,,,,,,,,,,,,,,,,,,,,,1.0,1.0,,,,,,1.0,,2.0,1.0,,,,,,1.0,,,,
602,Nepal,Number of,,2.0,1.0,1.0,1.0,1.0,1.0,1.0,1.0,,1.0,1.0,,1.0,,1.0,2.0,,2.0,1.0,1.0,,,1.0,1.0,2.0,1.0,1.0,2.0,2.0,2.0,2.0,1.0,2.0,3.0,,2.0,2.0,1.0,1.0,1.0,4.0,2.0
603,Nepal,Number of,,,,1.0,,,,,1.0,1.0,,,,1.0,,2.0,,1.0,,,,1.0,1.0,,,1.0,2.0,,,1.0,,2.0,1.0,,2.0,2.0,,1.0,,,,,1.0
604,Nepal,Number of,,,,,,,1.0,,1.0,,,1.0,,,,,1.0,,,,,,,,,,,,,,,,,,1.0,,,,,1.0,,,1.0
605,Nepal,Number of,,2.0,1.0,2.0,1.0,1.0,2.0,1.0,3.0,1.0,1.0,2.0,1.0,2.0,,3.0,3.0,1.0,2.0,2.0,1.0,1.0,2.0,2.0,1.0,3.0,4.0,1.0,2.0,5.0,2.0,6.0,3.0,2.0,6.0,2.0,3.0,3.0,2.0,2.0,1.0,4.0,4.0
606,Nepal,Number of,,,,,,,,,,,,,1.0,,,,,,,1.0,,,,,,,,,,,,,,,,,1.0,,,,,,
607,Netherlands Antilles,Number of,,,,,,,,,,1.0,,,,,,1.0,,,,,,,,,,,,,,,,,,,,,,,,,,,
608,Netherlands Antilles,Number of,,,,,,,,,,1.0,,,,,,1.0,,,,,,,,,,,,,,,,,,,,,,,,,,,
609,"Netherlands, The",Number of,,,,,,,,,,,,,,,,,,,,,,,,1.0,,2.0,1.0,,,,,,1.0,,,,,,1.0,1.0,1.0,,
610,"Netherlands, The",Number of,,,,,,,,,,,,,1.0,1.0,,,,,1.0,,,,,,,,,,,,,,,,,,,,,,,1.0,
611,"Netherlands, The",Number of,,,,,1.0,1.0,1.0,,,,6.0,,,,1.0,1.0,,1.0,1.0,,,,1.0,,,1.0,,1.0,1.0,,1.0,,,3.0,,,1.0,,1.0,,,1.0,1.0
612,"Netherlands, The",Number of,,,,,1.0,1.0,1.0,,,,6.0,,1.0,1.0,1.0,1.0,,1.0,2.0,,,,1.0,1.0,,3.0,1.0,1.0,1.0,,1.0,,1.0,3.0,,,1.0,,2.0,1.0,1.0,2.0,1.0
613,New Caledonia,Number of,,3.0,,,,,,,,,,,,,,,,,,1.0,,,,1.0,,,,,,,,,,,,,,,,,,1.0,
614,New Caledonia,Number of,,3.0,,,,,,,,,,,,,,,,,,1.0,,,,1.0,,,,,,,,,,,,,,,,,,1.0,
615,New Zealand,Number of,,,,,,,,,,,,,1.0,,,,,,,,,,,,,,,,,,,,,1.0,,,,,,,,,
616,New Zealand,Number of,,,,,,,,,,,,,,,,,,,,,,1.0,,,,,,,,,,,,,,,,,,,,,
617,New Zealand,Number of,2.0,1.0,,1.0,1.0,2.0,3.0,1.0,3.0,1.0,,1.0,,,1.0,,,1.0,1.0,1.0,1.0,,1.0,,2.0,1.0,1.0,,,,,,,,,2.0,1.0,1.0,1.0,,2.0,3.0,
618,New Zealand,Number of,,,,,,,,,1.0,,,,2.0,,,,1.0,1.0,,,1.0,,,1.0,,1.0,,1.0,,,,,1.0,1.0,,,,1.0,,,,1.0,1.0
619,New Zealand,Number of,2.0,1.0,,1.0,1.0,2.0,3.0,2.0,4.0,1.0,,1.0,3.0,,1.0,,1.0,2.0,1.0,1.0,2.0,1.0,1.0,1.0,2.0,2.0,1.0,1.0,,,,,1.0,2.0,,2.0,1.0,2.0,1.0,,3.0,4.0,1.0
620,New Zealand,Number of,,,,,,,,1.0,,,,,,,,,,,,,,,,,,,,,,,,,,,,,,,,,1.0,,
621,Nicaragua,Number of,,,,,,,,,,,,,,,1.0,,,1.0,,,1.0,1.0,,,,,,,,,,,,,1.0,,,,1.0,,,,
622,Nicaragua,Number of,1.0,,,,,,,,,,1.0,,,,,,,,,1.0,1.0,,1.0,,,,,1.0,2.0,2.0,2.0,1.0,1.0,1.0,1.0,1.0,,1.0,1.0,,,,
623,Nicaragua,Number of,,,,,,,,,,,,,,,,,,,,,,,,,1.0,,,,,,,,,,,,,,,,,,
624,Nicaragua,Number of,,,1.0,,,,,,1.0,,,,,1.0,,1.0,2.0,,1.0,,2.0,1.0,1.0,,1.0,2.0,,1.0,1.0,1.0,2.0,,,,,,1.0,1.0,,,2.0,,2.0
625,Nicaragua,Number of,1.0,,1.0,,,,,,1.0,,1.0,1.0,,1.0,1.0,1.0,2.0,1.0,1.0,2.0,4.0,2.0,3.0,,2.0,2.0,,2.0,3.0,3.0,4.0,1.0,1.0,1.0,2.0,1.0,1.0,2.0,2.0,,2.0,,2.0
626,Nicaragua,Number of,,,,,,,,,,,,1.0,,,,,,,,1.0,,,1.0,,,,,,,,,,,,,,,,,,,,
627,Niger,Number of,1.0,,,,,,,,1.0,,1.0,,,,,,,1.0,,,,1.0,,,,1.0,,,,1.0,,1.0,,,,1.0,,1.0,,,1.0,,1.0
628,Niger,Number of,,,,,,,,,1.0,,,,,,1.0,,,,1.0,2.0,1.0,1.0,,1.0,,,1.0,1.0,1.0,1.0,2.0,2.0,1.0,2.0,1.0,1.0,2.0,2.0,1.0,2.0,2.0,1.0,1.0
629,Niger,Number of,,,,,,,,,,,,,,,,,,,,,,,1.0,,,,,,,,,,,,,,,,,,,,
630,Niger,Number of,1.0,,,,,,,,2.0,,1.0,,,,1.0,,,1.0,1.0,2.0,1.0,2.0,1.0,1.0,,1.0,1.0,1.0,1.0,2.0,2.0,3.0,1.0,2.0,1.0,2.0,2.0,3.0,1.0,2.0,3.0,1.0,2.0
631,Nigeria,Number of,,1.0,,,,,,,,,,,,,,,,,,,,,,,,,,,,,,,,,,,,,,,,,1.0
632,Nigeria,Number of,,,,,,,,,,,,,1.0,,,,,,,,,,1.0,,,,,,,,,,,,,,,,,,,,
633,Nigeria,Number of,,,,,,1.0,,,1.0,,,,,,1.0,,,,2.0,3.0,6.0,3.0,1.0,1.0,5.0,2.0,3.0,3.0,,2.0,1.0,4.0,1.0,1.0,1.0,1.0,1.0,2.0,2.0,2.0,3.0,2.0,1.0
634,Nigeria,Number of,,,,,,,,,1.0,,,,,,,,,,,,2.0,,,,,,,,,,,,,,,,,,,,,,
635,Nigeria,Number of,,,,,,,,,,,,,,,,,,,,1.0,1.0,,,,,,,,,,,1.0,1.0,,,,1.0,,,,,,1.0
636,Nigeria,Number of,,1.0,,,,1.0,,,2.0,,,,1.0,,1.0,,,,2.0,4.0,9.0,3.0,2.0,1.0,5.0,2.0,3.0,3.0,,2.0,1.0,5.0,2.0,1.0,1.0,1.0,2.0,2.0,2.0,2.0,3.0,2.0,3.0
637,"North Macedonia, Republic of ",Number of,,,,,,,,,,,,,,1.0,,,,,,,,,,,,,,,,,,,,,,,,,,,,,
638,"North Macedonia, Republic of ",Number of,,,,,,,,,,,,,,,,,,,,,,1.0,,,1.0,,,1.0,,,,,1.0,,1.0,,,1.0,,,,,
639,"North Macedonia, Republic of ",Number of,,,,,,,,,,,,,,,,1.0,,,,,,,1.0,2.0,1.0,1.0,1.0,,,,,,,1.0,,2.0,1.0,,,,,,
640,"North Macedonia, Republic of ",Number of,,,,,,,,,,,,,,,,,,,,,,,,,,1.0,,,,,,,,,,,,,,,,,
641,"North Macedonia, Republic of ",Number of,,,,,,,,,,,,,,1.0,,1.0,,,,,1.0,1.0,1.0,2.0,2.0,2.0,1.0,2.0,,,,,1.0,1.0,1.0,2.0,1.0,1.0,,,,1.0,
642,"North Macedonia, Republic of ",Number of,,,,,,,,,,,,,,,,,,,,,1.0,,,,,,,1.0,,,,,,,,,,,,,,1.0,
643,Northern Mariana Islands,Number of,,,,,,,,,,,,,,,,,,,,,,,1.0,,1.0,,,,,,,,,,,1.0,,,1.0,,,,
644,Northern Mariana Islands,Number of,,,,,,,,,,,,,,,,,,,,,,,1.0,,1.0,,,,,,,,,,,1.0,,,1.0,,,,
645,Norway,Number of,,,,,,,,,,,,,,,,1.0,,,,,1.0,1.0,,,,,,,,,,,,,,,,,,,,,
646,Norway,Number of,,,,,,,,,,,,,,,,,,,,,,,,,,,,,,,,,,,,,,,,1.0,1.0,,
647,Norway,Number of,,,,,,,,,,,2.0,,1.0,1.0,,,,,,,,,,,,1.0,,,1.0,,,1.0,,,,,,,,,,,1.0
648,Norway,Number of,,,,,,,,,,,2.0,,1.0,1.0,,1.0,,,,,1.0,1.0,,,,1.0,,,1.0,,,1.0,,,,,,,,1.0,1.0,,1.0
649,Oman,Number of,,,,,,,,,,,,,,,,,,,,,,,,,,,,,,,,,,,,,1.0,1.0,,1.0,1.0,,
650,Oman,Number of,,1.0,,,,,,,,,,,,,,,,,,,,,1.0,1.0,,,,1.0,,,1.0,1.0,,,,1.0,,,2.0,,,2.0,
651,Oman,Number of,,1.0,,,,,,,,,,,,,,,,,,,,,1.0,1.0,,,,1.0,,,1.0,1.0,,,,1.0,1.0,1.0,2.0,1.0,1.0,2.0,
652,Pakistan,Number of,,,,,,,,,,,,,,,,,,,,1.0,,,,,,,,,,,,,,,,,,,,1.0,,,
653,Pakistan,Number of,,,,,,,,,,,1.0,1.0,,,,,1.0,1.0,,1.0,1.0,1.0,2.0,1.0,,1.0,1.0,,,,,,,,1.0,1.0,,,1.0,,,,1.0
654,Pakistan,Number of,1.0,1.0,1.0,1.0,1.0,,,,1.0,1.0,,1.0,2.0,1.0,1.0,3.0,1.0,2.0,1.0,2.0,,1.0,3.0,3.0,2.0,5.0,7.0,6.0,3.0,3.0,4.0,1.0,3.0,2.0,1.0,6.0,7.0,2.0,1.0,8.0,4.0,4.0,1.0
655,Pakistan,Number of,,,,2.0,,,,,,,,1.0,1.0,2.0,,,1.0,,1.0,,,2.0,,1.0,,1.0,1.0,3.0,,,2.0,,2.0,,,,,1.0,,,1.0,,
656,Pakistan,Number of,1.0,1.0,,,,,1.0,,1.0,,,,,1.0,2.0,,,2.0,1.0,2.0,,1.0,1.0,1.0,,1.0,,1.0,,,1.0,,,,1.0,,1.0,2.0,,1.0,1.0,2.0,1.0
657,Pakistan,Number of,2.0,2.0,1.0,3.0,1.0,,1.0,,2.0,1.0,1.0,3.0,3.0,4.0,3.0,3.0,3.0,5.0,3.0,6.0,1.0,5.0,6.0,6.0,2.0,8.0,9.0,10.0,3.0,3.0,7.0,1.0,5.0,2.0,3.0,7.0,8.0,5.0,2.0,10.0,6.0,6.0,4.0
658,Pakistan,Number of,,,,,,,,,,,,,,,,,,,,,,,,,,,,,,,,,,,,,,,,,,,1.0
659,"Palau, Rep. of",Number of,,,,,,,,,,,,,,,,,,,,,,,,,,,,,,,,,,,,1.0,,,,,,,
660,"Palau, Rep. of",Number of,,,,,,,,,,,,,,,,,,,,,,,,,,,,,,,,,1.0,1.0,,,,,,,,1.0,
661,"Palau, Rep. of",Number of,,,,,,,,,,,,,,,,,,,,,,,,,,,,,,,,,1.0,1.0,,1.0,,,,,,1.0,
662,Panama,Number of,,,,1.0,,,,,,,,,,,,,,,,,,,,,,,,,,,,,,1.0,,1.0,,,1.0,,,,
663,Panama,Number of,,,,,1.0,,1.0,,,,,1.0,,,,1.0,,,,2.0,1.0,1.0,2.0,1.0,3.0,1.0,2.0,1.0,2.0,1.0,4.0,2.0,2.0,,1.0,1.0,,,,,1.0,2.0,1.0
664,Panama,Number of,,,,,,,,,1.0,,,,1.0,,,,,,1.0,,,,,,,,,,,,,,,,,,1.0,1.0,,,2.0,,
665,Panama,Number of,,,,1.0,1.0,,1.0,,1.0,,,1.0,1.0,,,1.0,,,1.0,2.0,1.0,1.0,2.0,1.0,3.0,1.0,3.0,1.0,2.0,1.0,4.0,2.0,2.0,1.0,1.0,2.0,1.0,1.0,1.0,,3.0,2.0,1.0
666,Panama,Number of,,,,,,,,,,,,,,,,,,,,,,,,,,,1.0,,,,,,,,,,,,,,,,
667,Papua New Guinea,Number of,1.0,,,,,,,,,,,,,,,,,1.0,,,,,,,,,,,,,,,,,,1.0,,,,,,,
668,Papua New Guinea,Number of,,,,2.0,,,,,,,,,1.0,1.0,,,,,,1.0,,,,,1.0,1.0,2.0,,2.0,,,,1.0,1.0,1.0,1.0,1.0,,,1.0,3.0,,
669,Papua New Guinea,Number of,,,,,,,,,,,,1.0,,,,,1.0,,,,,,1.0,2.0,,,2.0,,,1.0,,,1.0,,,,,,,1.0,2.0,,
670,Papua New Guinea,Number of,,,,,,,,,,,,,,1.0,,,,1.0,,,,,,,,,,1.0,,,,1.0,,,1.0,1.0,,,,,,,
671,Papua New Guinea,Number of,1.0,,,2.0,,,,,,,,1.0,1.0,2.0,,,1.0,3.0,,1.0,,,1.0,2.0,1.0,1.0,4.0,1.0,2.0,1.0,,1.0,2.0,1.0,2.0,3.0,1.0,,,2.0,5.0,,
672,Papua New Guinea,Number of,,,,,,,,,,,,,,,,,,1.0,,,,,,,,,,,,,,,,,,,,,,,,,
673,Paraguay,Number of,,,,1.0,,,,,,,,,,,,,,,,1.0,,,,,,1.0,,,1.0,1.0,,,1.0,1.0,,,1.0,,,,,,
674,Paraguay,Number of,,,,,,,,,,,,,,,,,,,,,1.0,,,,1.0,,,,,,1.0,,,,,,,,,,,,
675,Paraguay,Number of,,,1.0,1.0,,,,,1.0,,1.0,,1.0,,,2.0,,1.0,1.0,,,,1.0,,,,,,,1.0,,,1.0,1.0,2.0,2.0,,,2.0,3.0,,2.0,
676,Paraguay,Number of,,,,,,,,,,,,,,,,,,1.0,,,,,1.0,,,,,,1.0,1.0,,1.0,1.0,1.0,,1.0,,,,,,,
677,Paraguay,Number of,,,1.0,2.0,,,,,1.0,,1.0,,1.0,,,2.0,,2.0,1.0,1.0,1.0,,2.0,,1.0,1.0,,1.0,2.0,3.0,1.0,1.0,3.0,3.0,2.0,3.0,1.0,,2.0,4.0,,2.0,
678,Paraguay,Number of,,,,,,,,,,,,,,,,,,,,,,,,,,,,1.0,,,,,,,,,,,,1.0,,,
679,Peru,Number of,,,,1.0,,,,,,,1.0,,1.0,,,,,,,,,,1.0,,1.0,,1.0,,,,,,,,,,,,,,,,
680,Peru,Number of,,,,1.0,,,,,,,,1.0,,,,,,,,,,,,1.0,1.0,,,1.0,,1.0,1.0,1.0,1.0,1.0,1.0,1.0,,,,,,,
681,Peru,Number of,1.0,1.0,2.0,,,,1.0,2.0,1.0,1.0,3.0,,1.0,1.0,2.0,,,,,2.0,1.0,3.0,3.0,2.0,1.0,,1.0,1.0,1.0,1.0,1.0,3.0,1.0,2.0,3.0,2.0,1.0,3.0,,3.0,3.0,8.0,1.0
682,Peru,Number of,,1.0,1.0,2.0,1.0,2.0,1.0,2.0,1.0,,1.0,,,,,1.0,,1.0,2.0,1.0,1.0,1.0,,,1.0,,,,,4.0,1.0,,1.0,,,,,,,1.0,1.0,,1.0
683,Peru,Number of,,,,,,,,,,,,,,,,,,1.0,,,,,1.0,,,,,,,,,1.0,,,,,,,,,,,
684,Peru,Number of,1.0,2.0,3.0,4.0,1.0,2.0,2.0,4.0,2.0,1.0,5.0,1.0,2.0,1.0,2.0,1.0,,3.0,2.0,3.0,2.0,4.0,5.0,3.0,4.0,,2.0,2.0,1.0,6.0,3.0,5.0,3.0,3.0,4.0,3.0,1.0,3.0,,5.0,4.0,8.0,2.0
685,Peru,Number of,,,,,,,,,,,,,,,,,,1.0,,,,,,,,,,,,,,,,,,,,,,1.0,,,
686,Philippines,Number of,1.0,,,1.0,,,,1.0,,,1.0,,,,,,,,1.0,,,,1.0,,,,,1.0,,,,,,,,1.0,,,,1.0,,,
687,Philippines,Number of,1.0,3.0,4.0,1.0,,2.0,1.0,,,2.0,3.0,3.0,3.0,3.0,4.0,6.0,1.0,1.0,,4.0,3.0,3.0,4.0,1.0,3.0,2.0,6.0,5.0,8.0,8.0,9.0,15.0,8.0,5.0,3.0,5.0,2.0,3.0,1.0,1.0,,5.0,2.0
688,Philippines,Number of,,1.0,,,,,,,2.0,3.0,,,,1.0,2.0,,2.0,,,4.0,1.0,,,1.0,1.0,,3.0,,1.0,1.0,1.0,3.0,1.0,,,,,,,,1.0,,1.0
689,Philippines,Number of,6.0,8.0,9.0,4.0,4.0,3.0,6.0,5.0,6.0,7.0,5.0,6.0,4.0,6.0,11.0,7.0,2.0,3.0,4.0,8.0,6.0,6.0,6.0,8.0,8.0,2.0,10.0,8.0,11.0,14.0,3.0,12.0,9.0,8.0,9.0,10.0,8.0,8.0,7.0,7.0,6.0,8.0,6.0
690,Philippines,Number of,8.0,12.0,13.0,6.0,4.0,5.0,7.0,6.0,8.0,12.0,9.0,9.0,7.0,10.0,17.0,13.0,5.0,4.0,6.0,16.0,10.0,9.0,11.0,10.0,12.0,4.0,19.0,14.0,20.0,23.0,13.0,30.0,18.0,13.0,12.0,16.0,10.0,11.0,8.0,9.0,7.0,13.0,9.0
691,Philippines,Number of,,,,,,,,,,,,,,,,,,,1.0,,,,,,,,,,,,,,,,,,,,,,,,
692,"Poland, Rep. of",Number of,,,,,,,,,,,,,,,,,,,,,,,,,,,,,,,,,,,,,,,1.0,,,,
693,"Poland, Rep. of",Number of,,,,,,,,,,,,,,,,,,1.0,1.0,1.0,1.0,1.0,1.0,,,1.0,,,1.0,1.0,1.0,1.0,3.0,1.0,1.0,1.0,1.0,,1.0,,,,
694,"Poland, Rep. of",Number of,1.0,,1.0,,,,,1.0,,,,,,,,,,1.0,1.0,,,1.0,,,1.0,1.0,1.0,,,1.0,2.0,,,,,,1.0,,,,1.0,1.0,
695,"Poland, Rep. of",Number of,,,,1.0,,,,,,,1.0,,,,1.0,,,,,1.0,,,2.0,,,2.0,,2.0,1.0,1.0,,,1.0,1.0,,1.0,,1.0,,1.0,1.0,2.0,3.0
696,"Poland, Rep. of",Number of,1.0,,1.0,2.0,,,,1.0,,,1.0,,1.0,,1.0,,,2.0,2.0,2.0,1.0,2.0,3.0,,1.0,4.0,1.0,2.0,2.0,3.0,3.0,1.0,4.0,2.0,1.0,2.0,2.0,1.0,2.0,1.0,2.0,3.0,3.0
697,"Poland, Rep. of",Number of,,,,1.0,,,,,,,,,1.0,,,,,,,,,,,,,,,,,,,,,,,,,,,,,,
698,Portugal,Number of,,,,1.0,,,,,,,,,,,,,,1.0,,,,,,,1.0,,,,,,,,,,,,,,,,,,1.0
699,Portugal,Number of,,,,,,,,,,,,,,,,,,,,,,,,1.0,,1.0,1.0,,1.0,,1.0,,,,,,,,1.0,,,,1.0
700,Portugal,Number of,,1.0,,1.0,,,,,,,,,,,,,2.0,,,,,1.0,1.0,1.0,,,1.0,,1.0,,1.0,,,,,1.0,,,,,,,
701,Portugal,Number of,,,,,,,,,,1.0,,,,,,,,1.0,,,1.0,,,,,,,,,,1.0,,,2.0,2.0,,,,1.0,1.0,,,
702,Portugal,Number of,,1.0,,3.0,,1.0,1.0,,,1.0,,1.0,,,,,2.0,2.0,,,1.0,2.0,1.0,3.0,2.0,2.0,2.0,,2.0,,3.0,,,3.0,2.0,1.0,1.0,2.0,3.0,1.0,,,3.0
703,Portugal,Number of,,,,1.0,,1.0,1.0,,,,,1.0,,,,,,,,,,1.0,,1.0,1.0,1.0,,,,,,,,1.0,,,1.0,2.0,1.0,,,,1.0
704,Qatar,Number of,,,,,,,,,,,,,,,,,,,,,,,,,,,,,,,,,,,,,,,1.0,,,,
705,Qatar,Number of,,,,,,,,,,,,,,,,,,,,,,,,,,,,,,,,,,,,,,,1.0,,,,
706,Romania,Number of,,,,1.0,,,,,,,,,,,,,,,,,1.0,,,,,,,,,,,,,,,,,,,,,,
707,Romania,Number of,,,,,,,,,,,,,,,1.0,,1.0,,2.0,,1.0,1.0,1.0,,1.0,2.0,1.0,2.0,1.0,1.0,1.0,,1.0,,1.0,,,,1.0,,,,
708,Romania,Number of,,,,,1.0,,,,,,,1.0,,,1.0,1.0,,1.0,1.0,2.0,2.0,2.0,3.0,2.0,2.0,6.0,6.0,4.0,1.0,2.0,1.0,,,1.0,2.0,1.0,2.0,,2.0,1.0,1.0,1.0,
709,Romania,Number of,,,,,,,,,,,,,,,,,,,,1.0,,,,,,,,,,,,,,,,,,,,,,,
710,Romania,Number of,,,,,,,,,,,,,,1.0,1.0,,,1.0,,,1.0,,,,3.0,1.0,,,1.0,,,,,,,,,1.0,,,,,
711,Romania,Number of,,,,1.0,1.0,,,,,,,1.0,,1.0,3.0,1.0,1.0,2.0,3.0,3.0,5.0,3.0,4.0,2.0,6.0,9.0,7.0,6.0,3.0,3.0,2.0,,1.0,1.0,3.0,1.0,2.0,1.0,3.0,1.0,1.0,1.0,
712,Russian Federation,Number of,,,,,,,,,,,,,,1.0,,,,,1.0,,,,,1.0,,,,,,,1.0,,1.0,,,,,,,,,,
713,Russian Federation,Number of,,,,,,,,,,,,,,1.0,1.0,2.0,,1.0,1.0,2.0,3.0,3.0,1.0,,,1.0,,,,,3.0,,2.0,,,,,,,,,,
714,Russian Federation,Number of,,,,,,,,,,,,,1.0,2.0,5.0,,2.0,1.0,4.0,1.0,8.0,3.0,4.0,1.0,3.0,5.0,3.0,1.0,,,2.0,2.0,4.0,2.0,1.0,1.0,3.0,1.0,2.0,4.0,,3.0,1.0
715,Russian Federation,Number of,,,,,,,,,,,,,1.0,2.0,,1.0,1.0,,,,2.0,,1.0,,,1.0,,,,,,,,,,,,,,,,1.0,
716,Russian Federation,Number of,,,,,,,,,,,,,,,2.0,3.0,,,1.0,1.0,1.0,2.0,2.0,1.0,3.0,2.0,,1.0,,,,1.0,,,,,,1.0,,,,,1.0
717,Russian Federation,Number of,,,,,,,,,,,,,3.0,6.0,8.0,6.0,4.0,3.0,8.0,5.0,19.0,10.0,11.0,4.0,7.0,9.0,3.0,2.0,,,8.0,3.0,8.0,2.0,1.0,2.0,3.0,2.0,2.0,5.0,,5.0,3.0
718,Russian Federation,Number of,,,,,,,,,,,,,1.0,,,,1.0,1.0,1.0,1.0,5.0,2.0,3.0,1.0,1.0,,,,,,2.0,,1.0,,,1.0,,,,1.0,,1.0,1.0
719,Rwanda,Number of,,,,,1.0,,,,,1.0,,,,,,,1.0,,,1.0,,,,1.0,,,,,,,,,,,,,,,,,,,
720,Rwanda,Number of,,,,,,,,,1.0,,,,,,,,,,,,,2.0,1.0,1.0,,,,2.0,1.0,,,1.0,1.0,,,1.0,1.0,,3.0,2.0,5.0,1.0,3.0
721,Rwanda,Number of,,,,,,,,,,,,,,,,,,,,,,,,,,,1.0,,,,2.0,,,,,,1.0,,1.0,,,,
722,Rwanda,Number of,,,,,,,,,,,,,,,,,,,,,,,,,,,,,,,,,,,,,,2.0,,,,,
723,Rwanda,Number of,,,,,1.0,,,,1.0,1.0,,,,,,,1.0,,,1.0,,2.0,1.0,2.0,,,1.0,2.0,1.0,,2.0,1.0,1.0,,,1.0,2.0,2.0,4.0,2.0,5.0,1.0,3.0
724,Saint Barth茅lemy,Number of,,,,,,,,,,,,,,,,,,,,,,,,,,,,,,,,,,,,,,1.0,,,,,
725,Saint Barth茅lemy,Number of,,,,,,,,,,,,,,,,,,,,,,,,,,,,,,,,,,,,,,1.0,,,,,
726,Saint Helena,Number of,,,,,,,,,,,,,,,,,,,,,,1.0,,,,,,,,,,,,,,,,,,,,,
727,Saint Helena,Number of,,,,,,,,,,,,,,,,,,,,,,1.0,,,,,,,,,,,,,,,,,,,,,
728,Saint Martin (French Part),Number of,,,,,,,,,,,,,,,,,,,,,,,,,,,,,,,,,,,,,,1.0,,,,,
729,Saint Martin (French Part),Number of,,,,,,,,,,,,,,,,,,,,,,,,,,,,,,,,,,,,,,1.0,,,,,
730,Samoa,Number of,,,,,,,,,,,,,,,,,,,,,,,,,,,,,,,,,,,,1.0,,,,,,,
731,Samoa,Number of,,,,,,,,,,,,,,,,,,,,,,1.0,,,,,,,,,,,,,,,,,,,,,
732,Samoa,Number of,,,,1.0,,,,,,1.0,1.0,1.0,,,,,,,,,,,,,1.0,1.0,,,,,,,1.0,,,,,,1.0,,,,
733,Samoa,Number of,,,,2.0,,,,,,1.0,1.0,1.0,,,,,,,,,,1.0,,,1.0,1.0,,,,,,,1.0,,,1.0,,,1.0,,,,
734,Samoa,Number of,,,,1.0,,,,,,,,,,,,,,,,,,,,,,,,,,,,,,,,,,,,,,,
735,"S茫o Tom茅 and Pr铆ncipe, Dem. Rep. of",Number of,,,,1.0,,,,,,,,,,,,,,,,,,,,,,,,,,,,,,,,,,,,,,,
736,"S茫o Tom茅 and Pr铆ncipe, Dem. Rep. of",Number of,,,,,,,,,,,,,,,,,,,,,,,,,,,,,,,,,,,,,,,,,,1.0,
737,"S茫o Tom茅 and Pr铆ncipe, Dem. Rep. of",Number of,,,,1.0,,,,,,,,,,,,,,,,,,,,,,,,,,,,,,,,,,,,,,1.0,
738,Saudi Arabia,Number of,,,,,,1.0,,,,,,,,,,,,,,,,,1.0,2.0,1.0,2.0,,,,1.0,2.0,1.0,1.0,2.0,,2.0,2.0,1.0,,3.0,1.0,,
739,Saudi Arabia,Number of,,,1.0,,,,,,,,,,,,,,,,,,,,,,,,,,,,,,,,,,1.0,,,,,,
740,Saudi Arabia,Number of,,,1.0,,,1.0,,,,,,,,,,,,,,,,,1.0,2.0,1.0,2.0,,,,1.0,2.0,1.0,1.0,2.0,,2.0,3.0,1.0,,3.0,1.0,,
741,Senegal,Number of,1.0,,,,,,,,,,,,,,,,,,,,,,1.0,,,,,,,,,1.0,,,1.0,,,,1.0,,,,
742,Senegal,Number of,,,,1.0,,1.0,,,1.0,,,,,1.0,1.0,,,,1.0,,1.0,,1.0,1.0,,1.0,,1.0,1.0,1.0,2.0,1.0,1.0,1.0,,,1.0,,,1.0,1.0,,1.0
743,Senegal,Number of,,,,,,,,,,,,,,,,,,,,2.0,,,,,1.0,,,,,,,,,,,,,,,,,,
744,Senegal,Number of,1.0,,,1.0,,1.0,,,1.0,,,,,1.0,1.0,,,,1.0,2.0,1.0,,2.0,1.0,1.0,1.0,,1.0,1.0,1.0,2.0,2.0,1.0,1.0,1.0,,1.0,,1.0,1.0,1.0,,1.0
745,Serbia and Montenegro,Number of,,,,,,,,,,,,,,,,,,,,,1.0,,,,,1.0,,,,,,,,,,,,,,,,,
746,Serbia and Montenegro,Number of,,,,,,,,,,,,,1.0,,,,,,,2.0,2.0,,1.0,,,1.0,2.0,,,,,,,,,,,,,,,,
747,Serbia and Montenegro,Number of,,,,,,,,,,,,,,,,,,,,,,,,,,1.0,,,,,,,,,,,,,,,,,
748,Serbia and Montenegro,Number of,,,,,,,,,,,,,1.0,,,,,,,2.0,4.0,,1.0,,,3.0,2.0,,,,,,,,,,,,,,,,
749,Serbia and Montenegro,Number of,,,,,,,,,,,,,,,,,,,,,1.0,,,,,,,,,,,,,,,,,,,,,,
750,"Serbia, Rep. of",Number of,,,,,,,,,,,,,,,,,,,,,,,,,,,,1.0,,1.0,2.0,,3.0,,1.0,,,1.0,,,,,
751,"Serbia, Rep. of",Number of,,,,,,,,,,,,,,,,,,,,,,,,,,,,1.0,,1.0,3.0,,,2.0,4.0,,2.0,,1.0,1.0,1.0,1.0,
752,"Serbia, Rep. of",Number of,,,,,,,,,,,,,,,,,,,,,,,,,,,,2.0,,2.0,5.0,,3.0,2.0,5.0,,2.0,1.0,1.0,1.0,1.0,1.0,
753,Seychelles,Number of,,,,,,,,,,,,,,,,,,1.0,,,,,,,,,,,,,,,,,1.0,,,,,,,,
754,Seychelles,Number of,,,,,,,,,,,,,,,,,,,,,,,1.0,,,,,,,,,,,1.0,,,,,,,,,
755,Seychelles,Number of,,,,,,,,,,,,,,,,,,1.0,,,,,1.0,,,,,,,,,,,1.0,1.0,,,,,,,,
756,Sierra Leone,Number of,,,,,,,,,,,,,,,,,1.0,,,,,,,,1.0,1.0,,1.0,,1.0,1.0,1.0,,,,1.0,,,,2.0,,,1.0
757,Sierra Leone,Number of,,,,,,,,,,,,,,,,,,,,,,,,,,,,,,,1.0,,,,,,,1.0,,,,,
758,Sierra Leone,Number of,,,,,1.0,,,,,,,,,,,,,,,1.0,,,,,,,,,,,,,,,,,,,,,,,
759,Sierra Leone,Number of,,,,,1.0,,,,,,,,,,,,1.0,,,1.0,,,,,1.0,1.0,,1.0,,1.0,2.0,1.0,,1.0,,1.0,,1.0,,2.0,,,1.0
760,Sierra Leone,Number of,,,,,,,,,,,,,,,,,,,,,,,,,,,,,,,,,,1.0,,,,,,,,,
761,"Sint Maarten, Kingdom of the Netherlands",Number of,,,,,,,,,,,,,,,,,,,,,,,,,,,,,,,,,,,,,,1.0,,,,,
762,"Sint Maarten, Kingdom of the Netherlands",Number of,,,,,,,,,,,,,,,,,,,,,,,,,,,,,,,,,,,,,,1.0,,,,,
763,Slovak Rep.,Number of,,,,,,,,,,,,,,,,,,,,,,,,1.0,,1.0,,1.0,,,1.0,,1.0,,,,,,,,,,
764,Slovak Rep.,Number of,,,,,,,,,,,,,,,,,,1.0,1.0,1.0,,1.0,1.0,,1.0,1.0,2.0,,,,2.0,,,1.0,,,,,,,1.0,1.0,
765,Slovak Rep.,Number of,,,,,,,,,,,,,,,,,,,,,,,,,1.0,,,,,,,,,,,,,1.0,,1.0,,,
766,Slovak Rep.,Number of,,,,,,,,,,,,,,,,,,1.0,1.0,1.0,1.0,1.0,1.0,1.0,2.0,2.0,2.0,1.0,,,3.0,,1.0,1.0,,,,1.0,,1.0,1.0,1.0,
767,Slovak Rep.,Number of,,,,,,,,,,,,,,,,,,,,,1.0,,,,,,,,,,,,,,,,,,,,,,
768,"Slovenia, Rep. of",Number of,,,,,,,,,,,,,,,,,,,,,,,,1.0,,,,,,,,,,,1.0,,,,,,,,
769,"Slovenia, Rep. of",Number of,,,,,,,,,,,,,,,,,,,,,,,,,,1.0,,,,,,,1.0,,1.0,,,,,,,1.0,
770,"Slovenia, Rep. of",Number of,,,,,,,,,,,,,,,,,,,,,,,,,,,,2.0,,,,,,,,,,,,,1.0,,
771,"Slovenia, Rep. of",Number of,,,,,,,,,,,,,,,,,,,,,,,,1.0,,1.0,,2.0,,,,,1.0,,2.0,,,,,,1.0,1.0,
772,Solomon Islands,Number of,,,,,,,,,,,,,,,,,,1.0,1.0,,,,,,,,,,,,,,,,,1.0,,,,,,,
773,Solomon Islands,Number of,,,,,,,,,,,,,,,,,,,,,,,,,,,,,,1.0,1.0,,1.0,1.0,1.0,,,,,,,,
774,Solomon Islands,Number of,,,1.0,,,1.0,1.0,,,,,,1.0,1.0,,,,,,,,,1.0,2.0,,,,,,,1.0,1.0,,,,2.0,,,1.0,,1.0,,
775,Solomon Islands,Number of,,,1.0,,,1.0,1.0,,,,,,1.0,1.0,,,,1.0,1.0,,,,1.0,2.0,,,,,,1.0,2.0,1.0,1.0,1.0,1.0,3.0,,,1.0,,1.0,,
776,Somalia,Number of,1.0,,,1.0,,,,1.0,1.0,,,,,,,,,,,1.0,,,,,1.0,1.0,,,1.0,,1.0,1.0,,,1.0,1.0,,,,1.0,1.0,,
777,Somalia,Number of,,1.0,,,,,,1.0,,2.0,,,,,1.0,1.0,1.0,2.0,,,3.0,1.0,1.0,2.0,1.0,2.0,5.0,2.0,1.0,1.0,2.0,1.0,2.0,2.0,1.0,2.0,1.0,,1.0,1.0,2.0,1.0,1.0
778,Somalia,Number of,,,,,,,,,,,,,,,1.0,,,,,,,,,,,,,,,,,,,1.0,,2.0,,,1.0,1.0,1.0,,
779,Somalia,Number of,1.0,1.0,,1.0,,,,2.0,1.0,2.0,,,,,2.0,1.0,1.0,2.0,,1.0,3.0,1.0,1.0,2.0,2.0,3.0,5.0,2.0,2.0,1.0,3.0,2.0,2.0,3.0,2.0,5.0,1.0,,2.0,3.0,4.0,1.0,1.0
780,South Africa,Number of,1.0,1.0,,,,,1.0,,1.0,,1.0,,,,,1.0,,,,,,,,,1.0,,,,,,,,,,,1.0,,1.0,,1.0,,1.0,
781,South Africa,Number of,,,,,,,,,,,,,,,,,1.0,,,,,,,,,,,1.0,,,,,,,,,1.0,,,,,,
782,South Africa,Number of,,1.0,,,,,,1.0,1.0,,,,,1.0,1.0,1.0,2.0,1.0,,2.0,3.0,2.0,1.0,1.0,1.0,,2.0,1.0,1.0,2.0,,1.0,1.0,,1.0,,2.0,1.0,,4.0,1.0,1.0,8.0
783,South Africa,Number of,,,,,,,,,,,,,,,,,1.0,,,,,,,,,,,,,,,,,,,,,,,,,,
784,South Africa,Number of,,,,1.0,2.0,,,,,,1.0,,,1.0,1.0,,,,1.0,2.0,1.0,2.0,4.0,1.0,,,,,1.0,2.0,1.0,2.0,1.0,1.0,,,,2.0,,1.0,1.0,2.0,
785,South Africa,Number of,1.0,2.0,,1.0,2.0,,1.0,1.0,2.0,,2.0,1.0,,2.0,2.0,2.0,4.0,1.0,2.0,5.0,5.0,6.0,6.0,2.0,2.0,,2.0,3.0,3.0,4.0,1.0,3.0,2.0,1.0,1.0,1.0,3.0,5.0,,6.0,2.0,4.0,8.0
786,South Africa,Number of,,,,,,,,,,,,1.0,,,,,,,1.0,1.0,1.0,2.0,1.0,,,,,1.0,1.0,,,,,,,,,1.0,,,,,
787,"South Sudan, Rep. of",Number of,,,,,,,,,,,,,,,,,,,,,,,,,,,,,,1.0,,,,,,,1.0,,,,,1.0,
788,"South Sudan, Rep. of",Number of,,,,,,,,,,,,,,,,,,,,,,,,,,,,,3.0,,2.0,,2.0,2.0,,,1.0,,,2.0,1.0,1.0,1.0
789,"South Sudan, Rep. of",Number of,,,,,,,,,,,,,,,,,,,,,,,,,,,,,3.0,1.0,2.0,,2.0,2.0,,,2.0,,,3.0,1.0,2.0,1.0
790,"South Sudan, Rep. of",Number of,,,,,,,,,,,,,,,,,,,,,,,,,,,,,,,,,,,,,,,,1.0,,,
791,Soviet Union (former),Number of,,1.0,2.0,2.0,2.0,2.0,,1.0,1.0,1.0,4.0,2.0,,,,,,,,,,,,,,,,,,,,,,,,,,,,,,,
792,Soviet Union (former),Number of,,,,,,,,2.0,,2.0,1.0,,,,,,,,,,,,,,,,,,,,,,,,,,,,,,,,
793,Soviet Union (former),Number of,,1.0,,1.0,1.0,,,,,,,1.0,,,,,,,,,,,,,,,,,,,,,,,,,,,,,,,
794,Soviet Union (former),Number of,,2.0,2.0,3.0,3.0,2.0,,4.0,1.0,3.0,5.0,3.0,,,,,,,,,,,,,,,,,,,,,,,,,,,,,,,
795,Soviet Union (former),Number of,,,,,,,,1.0,,,,,,,,,,,,,,,,,,,,,,,,,,,,,,,,,,,
796,Spain,Number of,1.0,1.0,,,,,,,,,1.0,,,,,,,,,1.0,,,,,,,,,,,,,,,,,,,,,,,
797,Spain,Number of,,,,,,1.0,,,,,,,,,,2.0,,,,,,,,1.0,1.0,1.0,1.0,,,,,,,,,,,,1.0,1.0,,,1.0
798,Spain,Number of,,,2.0,2.0,,,,1.0,,1.0,,,,,1.0,,1.0,1.0,,,2.0,,1.0,,1.0,,1.0,3.0,,,1.0,1.0,1.0,1.0,,2.0,1.0,,1.0,4.0,,2.0,
799,Spain,Number of,,,,,,,,,,,,,,,,,1.0,,,,,,,,,,,,,,,,,,,,,,,,,,
800,Spain,Number of,,,,,2.0,,,1.0,,2.0,2.0,,,,1.0,,,1.0,1.0,1.0,2.0,1.0,,,,,,1.0,,1.0,1.0,,,1.0,1.0,,,,1.0,3.0,1.0,1.0,
801,Spain,Number of,1.0,1.0,2.0,2.0,3.0,3.0,,2.0,,3.0,3.0,1.0,,,4.0,2.0,2.0,2.0,2.0,2.0,5.0,1.0,1.0,2.0,3.0,2.0,3.0,4.0,,2.0,2.0,1.0,2.0,2.0,1.0,2.0,1.0,2.0,4.0,8.0,1.0,3.0,2.0
802,Spain,Number of,,,,,1.0,2.0,,,,,,1.0,,,2.0,,,,1.0,,1.0,,,1.0,1.0,1.0,1.0,,,1.0,,,1.0,,,,,2.0,1.0,,,,1.0
803,Sri Lanka,Number of,1.0,1.0,1.0,,,,,1.0,1.0,,,,,,,,,,,,,1.0,,,,,,,,,,,1.0,,1.0,,1.0,,,1.0,,,
804,Sri Lanka,Number of,,1.0,2.0,1.0,4.0,,1.0,,,1.0,2.0,1.0,2.0,2.0,3.0,1.0,1.0,1.0,2.0,1.0,2.0,1.0,1.0,1.0,1.0,1.0,1.0,3.0,3.0,3.0,2.0,3.0,1.0,2.0,3.0,2.0,1.0,2.0,3.0,5.0,2.0,4.0,3.0
805,Sri Lanka,Number of,,,,,,,,,,,,,,1.0,,,,,,,,,,,,,,,,,,,,,3.0,,,,,,,,
806,Sri Lanka,Number of,,,,,,1.0,,,,,,,,,,,,,,,1.0,,,,,,,,1.0,,,1.0,1.0,1.0,,,,1.0,,,1.0,1.0,2.0
807,Sri Lanka,Number of,1.0,2.0,3.0,1.0,4.0,1.0,1.0,1.0,1.0,1.0,2.0,1.0,2.0,3.0,3.0,1.0,1.0,1.0,2.0,1.0,3.0,2.0,1.0,1.0,1.0,1.0,1.0,3.0,4.0,3.0,2.0,4.0,3.0,3.0,7.0,2.0,2.0,3.0,3.0,6.0,3.0,5.0,5.0
808,St. Kitts and Nevis,Number of,,,,,,,,1.0,,,,,,,,,,,,,,,,,,,,,,,,,,,,,,,,,,,
809,St. Kitts and Nevis,Number of,,,,,1.0,,,,,1.0,1.0,,,,,1.0,,,1.0,1.0,,,,,,,,,1.0,,,,,,,,,1.0,,,,,
810,St. Kitts and Nevis,Number of,,,,,1.0,,,1.0,,1.0,1.0,,,,,1.0,,,1.0,1.0,,,,,,,,,1.0,,,,,,,,,1.0,,,,,
811,St. Lucia,Number of,,,,,,,,,,,,,,,,,,,,,,,,,,,,,,,1.0,,,,,,,,,,,,
812,St. Lucia,Number of,,,,,,,,,,,,,,,,,,,,,,,,,,,,,,,1.0,,,1.0,,,,,,,,,1.0
813,St. Lucia,Number of,,,,,,,,,,,,,,,,,1.0,,,,,,,,,,,,,,,,,,,,,,,,,,
814,St. Lucia,Number of,1.0,,,1.0,,,1.0,1.0,1.0,,,,,,1.0,,,,,1.0,,,,,1.0,,,1.0,,,1.0,,,,,,1.0,,,,,1.0,
815,St. Lucia,Number of,1.0,,,1.0,,,1.0,1.0,1.0,,,,,,1.0,,1.0,,,1.0,,,,,1.0,,,1.0,,,3.0,,,1.0,,,1.0,,,,,1.0,1.0
816,St. Vincent and the Grenadines,Number of,,,,,,,,,,,,,,,,,,,,,,,,,,,,,,,1.0,,,,,,,,,,,,
817,St. Vincent and the Grenadines,Number of,,,,,,,1.0,1.0,,,,,1.0,,,,,,,,,,,,,,,,,,,1.0,,1.0,,,1.0,,,,,,
818,St. Vincent and the Grenadines,Number of,1.0,,,,,,,1.0,,,,,,,,,,,,1.0,,,1.0,,1.0,1.0,,,,,1.0,,,,,,1.0,,,,,1.0,
819,St. Vincent and the Grenadines,Number of,1.0,,,,,,1.0,2.0,,,,,1.0,,,,,,,1.0,,,1.0,,1.0,1.0,,,,,2.0,1.0,,1.0,,,2.0,,,,,1.0,
820,Sudan,Number of,1.0,,,1.0,,,,1.0,,,1.0,1.0,,,,,1.0,,,1.0,,,,,,,,,,,,1.0,,,,1.0,,,,,,,1.0
821,Sudan,Number of,,,,,,,,,,,,,,,,,,,,,,,,,,,,,,,,,,,,1.0,,,,,,,
822,Sudan,Number of,,,,2.0,,,,,1.0,,,,,1.0,1.0,,3.0,1.0,1.0,4.0,,1.0,1.0,1.0,,2.0,3.0,1.0,,1.0,2.0,,1.0,1.0,1.0,1.0,1.0,1.0,3.0,2.0,1.0,1.0,1.0
823,Sudan,Number of,,,,,,,,,,,,,,,,,,,,,,,1.0,,,,,,,,,1.0,,,,,,,,,,1.0,
824,Sudan,Number of,1.0,,,3.0,,,,1.0,1.0,,1.0,1.0,,1.0,1.0,,4.0,1.0,2.0,5.0,,1.0,2.0,1.0,,2.0,3.0,1.0,,1.0,2.0,2.0,1.0,1.0,1.0,3.0,1.0,1.0,3.0,2.0,1.0,2.0,2.0
825,Sudan,Number of,,,,,,,,,,,,,,,,,,,1.0,,,,,,,,,,,,,,,,,,,,,,,,
826,Suriname,Number of,,,,,,,,,,,,,,,,,,,,,,,,,,,1.0,,1.0,,,,,,,,,,,,,1.0,1.0
827,Suriname,Number of,,,,,,,,,,,,,,,,,,,,,,,,,,,1.0,,1.0,,,,,,,,,,,,,1.0,1.0
828,Sweden,Number of,,,,,,,,,,,,,,,,,,,,,,,,,,1.0,,,,,,,,,,,,,,,,,
829,Sweden,Number of,,,,,,1.0,,,,,,,,,,,,,,,,,,,,,,,,,,,,,,,,,,,,1.0,
830,Sweden,Number of,,,,,,,,,,,2.0,,,,,,,,,1.0,,,1.0,,,1.0,,,,,,,,1.0,,,,,,,1.0,,
831,Sweden,Number of,,,,,,1.0,,,,,2.0,,,,,,,,,1.0,,,1.0,,,2.0,,,,,,,,1.0,,,,,1.0,,1.0,1.0,
832,Sweden,Number of,,,,,,,,,,,,,,,,,,,,,,,,,,,,,,,,,,,,,,,1.0,,,,
833,Switzerland,Number of,,,,,,,,,,,,,,,,,,,,,,1.0,,1.0,,1.0,,,,,1.0,,2.0,,,,,,,,,,
834,Switzerland,Number of,,,,1.0,,,,1.0,,,,,,,,,,1.0,,1.0,,,,,,1.0,1.0,1.0,,,,,,,,,,,,,,1.0,
835,Switzerland,Number of,,,,,,,,,1.0,,,,,,,,,,,1.0,1.0,,2.0,,,,,,,,,,,,,,,,,,,1.0,
836,Switzerland,Number of,,,1.0,2.0,1.0,1.0,2.0,1.0,,,4.0,,,3.0,1.0,,,,1.0,1.0,,,1.0,1.0,,,1.0,2.0,,1.0,1.0,1.0,,2.0,1.0,,,,1.0,1.0,1.0,1.0,
837,Switzerland,Number of,,,1.0,3.0,1.0,1.0,2.0,2.0,1.0,,4.0,,,3.0,1.0,,,1.0,1.0,3.0,1.0,1.0,3.0,2.0,,2.0,2.0,3.0,,1.0,2.0,1.0,2.0,2.0,1.0,,,,1.0,1.0,1.0,3.0,
838,Syrian Arab Rep.,Number of,,,,,,,,,,,,,,,,,,,,1.0,,,,,,,,,1.0,,,,,,,,,,,,,1.0,
839,Syrian Arab Rep.,Number of,,,,,,,,,,,,,,,,,,,,,,,,,,,1.0,,,,,,,,,,,,,1.0,,1.0,
840,Syrian Arab Rep.,Number of,,,,,,,,,,,,,,,,,,,,,,,1.0,,,,,,,,,,,,,,,,,,,,
841,Syrian Arab Rep.,Number of,,,,,,,,,,,,,,,,,,,,,,1.0,,,1.0,,,,,,,,,,,2.0,,,,,,,1.0
842,Syrian Arab Rep.,Number of,,,,,,,,,,,,,,,,,,,,1.0,,1.0,1.0,,1.0,,1.0,,1.0,,,,,,,2.0,,,,1.0,1.0,2.0,1.0
843,Syrian Arab Rep.,Number of,,,,,,,,,,,,,,,,,,,,,,,,,,,,,,,,,,,,,,,,,1.0,,
844,Taiwan Province of China,Number of,,,,,,,,,,,,,,,,,,,,,,,,,,,,,,,,,,,,,1.0,,,,,,
845,Taiwan Province of China,Number of,,,,,1.0,,,,,,,,,,,,,1.0,1.0,,,,,,,1.0,1.0,,,,,,1.0,,,,,1.0,,,,,
846,Taiwan Province of China,Number of,,,,,,,1.0,,,,,,,,,,,,,,,,,,,,,,,,,,,,,,,,,,,,
847,Taiwan Province of China,Number of,,1.0,,1.0,,,2.0,1.0,,1.0,2.0,1.0,1.0,,5.0,,2.0,1.0,2.0,,2.0,5.0,2.0,1.0,5.0,4.0,2.0,2.0,5.0,1.0,2.0,,2.0,3.0,2.0,3.0,3.0,1.0,1.0,1.0,1.0,2.0,1.0
848,Taiwan Province of China,Number of,,1.0,,1.0,1.0,,3.0,1.0,,1.0,2.0,1.0,1.0,,5.0,,2.0,2.0,3.0,,2.0,5.0,2.0,1.0,5.0,5.0,3.0,2.0,5.0,1.0,2.0,,3.0,3.0,2.0,3.0,4.0,2.0,1.0,1.0,1.0,2.0,1.0
849,"Tajikistan, Rep. of",Number of,,,,,,,,,,,,,,,,,,,,,1.0,,,,,,,,1.0,,,,,,,,,,,,,,
850,"Tajikistan, Rep. of",Number of,,,,,,,,,,,,,,,,,,,,,,,,,,,,,1.0,,,,1.0,1.0,,,,,,,,,
851,"Tajikistan, Rep. of",Number of,,,,,,,,,,,,,1.0,,1.0,,1.0,,2.0,1.0,,1.0,4.0,1.0,1.0,2.0,,2.0,,1.0,2.0,1.0,1.0,,2.0,2.0,1.0,1.0,1.0,1.0,1.0,1.0,
852,"Tajikistan, Rep. of",Number of,,,,,,,,,,,,,1.0,1.0,,,,1.0,1.0,,,1.0,,2.0,,1.0,2.0,1.0,,,,,,,,1.0,,1.0,,,,1.0,
853,"Tajikistan, Rep. of",Number of,,,,,,,,,,,,,,,,,,,,1.0,,1.0,,,,,,,,,,,,,,,,,,,,,
854,"Tajikistan, Rep. of",Number of,,,,,,,,,,,,,2.0,1.0,1.0,,1.0,1.0,3.0,2.0,1.0,3.0,4.0,3.0,1.0,3.0,2.0,3.0,2.0,1.0,2.0,1.0,2.0,1.0,2.0,3.0,1.0,2.0,1.0,1.0,1.0,2.0,
855,"Tanzania, United Rep. of",Number of,,,,,1.0,,,,1.0,,1.0,,,,,,1.0,,,,,,,1.0,1.0,,1.0,,,,,1.0,,,,,,,,,,1.0,
856,"Tanzania, United Rep. of",Number of,,,1.0,,,,1.0,,1.0,1.0,2.0,,,2.0,1.0,2.0,,2.0,2.0,,1.0,1.0,1.0,1.0,,1.0,2.0,,2.0,2.0,,3.0,1.0,,2.0,1.0,3.0,1.0,1.0,4.0,4.0,1.0,1.0
857,"Tanzania, United Rep. of",Number of,,,,,,,,,,,,,,,,,,,,,,1.0,,,,,,,,,,,,,,,,,,,,,
858,"Tanzania, United Rep. of",Number of,,,,,,,,,,,,,,,1.0,,,,,,,,,,,,,,2.0,1.0,,,,,,1.0,,,,1.0,,1.0,
859,"Tanzania, United Rep. of",Number of,,,1.0,,1.0,,1.0,,2.0,1.0,3.0,,,2.0,2.0,2.0,1.0,3.0,2.0,,1.0,2.0,1.0,2.0,1.0,1.0,3.0,,4.0,3.0,,4.0,1.0,,2.0,2.0,3.0,1.0,1.0,5.0,4.0,3.0,1.0
860,"Tanzania, United Rep. of",Number of,,,,,,,,,,,,,,,,,,1.0,,,,,,,,,,,,,,,,,,,,,,,,,
861,Thailand,Number of,,,,,,,,,,,,1.0,,1.0,,,,,,1.0,,,1.0,,,1.0,,,1.0,,1.0,1.0,1.0,,1.0,1.0,,,,1.0,,,
862,Thailand,Number of,,,,,,,,,,,,,,,,,,,,,,,,,,,,,,,,,,,1.0,,1.0,,,,,,
863,Thailand,Number of,1.0,,,1.0,2.0,1.0,1.0,1.0,1.0,,,2.0,,3.0,3.0,1.0,1.0,1.0,,6.0,4.0,5.0,2.0,3.0,3.0,2.0,3.0,5.0,3.0,1.0,1.0,2.0,1.0,3.0,4.0,,3.0,4.0,,1.0,3.0,5.0,9.0
864,Thailand,Number of,,,,,,,,,,,,,,,1.0,,,,,,,,1.0,,1.0,,,,,,,,,,,,,,,,,,
865,Thailand,Number of,,2.0,,,,,,,,1.0,1.0,1.0,4.0,2.0,3.0,1.0,1.0,2.0,,,1.0,1.0,2.0,1.0,2.0,2.0,,,2.0,,,1.0,,,1.0,1.0,,2.0,,1.0,4.0,1.0,2.0
866,Thailand,Number of,1.0,2.0,,1.0,2.0,1.0,1.0,1.0,1.0,1.0,1.0,4.0,4.0,6.0,7.0,2.0,2.0,3.0,,7.0,5.0,6.0,6.0,4.0,6.0,6.0,3.0,5.0,6.0,1.0,2.0,4.0,2.0,3.0,7.0,2.0,4.0,6.0,,3.0,7.0,6.0,11.0
867,Thailand,Number of,,,,,,,,,,,,,,,,,,,,,,,,,,1.0,,,,,,,,,,,,,,,,,
868,"Timor-Leste, Dem. Rep. of",Number of,,,,,,,,,,,,,,,,,,,,,,,,,,,,1.0,,,,,,,,,1.0,,,,,,
869,"Timor-Leste, Dem. Rep. of",Number of,,,,,,,,,,,,,,,,,,,,,,1.0,,2.0,,,,2.0,,,,,,,,,,,,,1.0,,
870,"Timor-Leste, Dem. Rep. of",Number of,,,,,,,,,,,,,,,,,,,,,,,,,,,1.0,,,,,,,,,,,,,,,1.0,
871,"Timor-Leste, Dem. Rep. of",Number of,,,,,,,,,,,,,,,,,,,,,,1.0,,2.0,,,1.0,3.0,,,,,,,,,1.0,,,,1.0,1.0,
872,Togo,Number of,1.0,,,,,,,,,1.0,,,,,,,,,,,,,,,,,,,,,,,,,,,,,,,,,
873,Togo,Number of,,,,,,,,,,,,,,,1.0,2.0,,,1.0,1.0,,,,,,,1.0,1.0,1.0,1.0,2.0,,,,,,,1.0,,,1.0,,1.0
874,Togo,Number of,1.0,,,,,,,,,1.0,,,,,1.0,2.0,,,1.0,1.0,,,,,,,1.0,1.0,1.0,1.0,2.0,,,,,,,1.0,,,1.0,,1.0
875,Tokelau,Number of,,,,,,,,1.0,,,1.0,,,,,,,,,,,,,,,1.0,,,,,,,,,,,,,,,,,
876,Tokelau,Number of,,,,,,,,1.0,,,1.0,,,,,,,,,,,,,,,1.0,,,,,,,,,,,,,,,,,
877,Tonga,Number of,,,,,,,,,,,,,,,,,,,,,,,,,,,,,,,,,,,,1.0,,,,,,,
878,Tonga,Number of,,,2.0,,,,,,,,1.0,,,,,,,1.0,2.0,,,1.0,,,1.0,,,,,,,1.0,,,1.0,,3.0,,1.0,,1.0,,
879,Tonga,Number of,,,2.0,,,,,,,,1.0,,,,,,,1.0,2.0,,,1.0,,,1.0,,,,,,,1.0,,,1.0,1.0,3.0,,1.0,,1.0,,
880,Trinidad and Tobago,Number of,,,,,,,,,,,,,,,,,,,,,,,,,,,,,,,1.0,,,,,,,,,,,,
881,Trinidad and Tobago,Number of,,,,,,,,,,,,,,1.0,,,1.0,,,,,,,,,,,,,,,,,,,,,,1.0,,,,1.0
882,Trinidad and Tobago,Number of,,,,,,,,,,,,,,,,,,,,,,,,,1.0,,,,,,,,,,,,,,,,,,
883,Trinidad and Tobago,Number of,,,,,,,,,,,1.0,,,,,,,,,,,,,,1.0,1.0,,,,,,,,,,,,,,,,,
884,Trinidad and Tobago,Number of,,,,,,,,,,,1.0,,,1.0,,,1.0,,,,,,,,2.0,1.0,,,,,1.0,,,,,,,,1.0,,,,1.0
885,Tunisia,Number of,,,,,,,,,1.0,,,,,,,,,,,,,,,,,,,,,,,,,,,,,,,,,,
886,Tunisia,Number of,,,1.0,,,,1.0,,,,1.0,,,,,,,,,,,,,2.0,,,,2.0,,1.0,,,,,,,,,2.0,,1.0,1.0,1.0
887,Tunisia,Number of,,,1.0,,,,1.0,,1.0,,1.0,,,,,,,,,,,,,2.0,,,,2.0,,1.0,,,,,,,,1.0,2.0,,1.0,2.0,1.0
888,Tunisia,Number of,,,,,,,,,,,,,,,,,,,,,,,,,,,,,,,,,,,,,,1.0,,,,1.0,
889,"T眉rkiye, Rep. of",Number of,,,,,,,,1.0,,,,,,,1.0,,,,,,1.0,1.0,,,1.0,1.0,,1.0,,,,,,,,,,,,,,,
890,"T眉rkiye, Rep. of",Number of,1.0,1.0,,,1.0,,,,1.0,,2.0,1.0,,,,2.0,,,3.0,,1.0,3.0,1.0,1.0,3.0,2.0,2.0,3.0,,2.0,,1.0,1.0,,,2.0,,,,3.0,3.0,2.0,3.0
891,"T眉rkiye, Rep. of",Number of,1.0,,,,,,,,1.0,,,,,1.0,,1.0,,,,,,1.0,,,,1.0,,,,2.0,1.0,,,1.0,,,,,1.0,,1.0,,
892,"T眉rkiye, Rep. of",Number of,,,,,,,,,,,,1.0,,,1.0,,,,,,,,1.0,,3.0,1.0,,,,,,,,,,,,1.0,,,1.0,,
893,"T眉rkiye, Rep. of",Number of,2.0,1.0,,,1.0,1.0,,1.0,2.0,,2.0,2.0,,1.0,2.0,3.0,1.0,,3.0,,4.0,5.0,2.0,1.0,7.0,5.0,2.0,4.0,1.0,4.0,1.0,1.0,1.0,1.0,,2.0,,1.0,1.0,3.0,5.0,3.0,3.0
894,"T眉rkiye, Rep. of",Number of,,,,,,1.0,,,,,,,,,,,1.0,,,,2.0,,,,,,,,1.0,,,,,,,,,,,,,1.0,
895,Turkmenistan,Number of,,,,,,,,,,,,,,1.0,,,,,,,,,,,,,,,,,,,,,,,,,,,,,
896,Turkmenistan,Number of,,,,,,,,,,,,,,1.0,,,,,,,,,,,,,,,,,,,,,,,,,,,,,
897,Turks and Caicos Islands,Number of,,,,,,1.0,,,,,1.0,,,,,,,,,,,,,,1.0,,,,3.0,,,,,,,,,1.0,,,,,
898,Turks and Caicos Islands,Number of,,,,,,1.0,,,,,1.0,,,,,,,,,,,,,,1.0,,,,3.0,,,,,,,,,1.0,,,,,
899,Tuvalu,Number of,,,,,,,,,,,,,,,,,,,,,,,,,,,,,,,,1.0,,,,,,,,,,1.0,
900,Tuvalu,Number of,,,,,1.0,,,1.0,,,1.0,,,1.0,,,,,,,,,,,,,,,,,,,,,,1.0,,,,,1.0,,
901,Tuvalu,Number of,,,,,1.0,,,1.0,,,1.0,,,1.0,,,,,,,,,,,,,,,,,,1.0,,,,1.0,,,,,1.0,1.0,
902,Uganda,Number of,,,,,,,,1.0,,,,,,,,,,,1.0,1.0,,,1.0,,,1.0,,,1.0,,1.0,,,,,,,,,,,,1.0
903,Uganda,Number of,,,,,,,,,,,,,,,,,,1.0,1.0,,,2.0,2.0,2.0,2.0,,2.0,2.0,1.0,,,1.0,1.0,1.0,,,1.0,1.0,,5.0,5.0,3.0,3.0
904,Uganda,Number of,,,,,,,,,,,,,,,,,,1.0,,,,1.0,,,,,,,,,1.0,,1.0,,,,1.0,,1.0,3.0,,,1.0
905,Uganda,Number of,,,,,,,,,,,,,,,,,,,,,2.0,,1.0,,,,,,,,,1.0,,,,,,,,,1.0,,
906,Uganda,Number of,,,,,,,,1.0,,,,,,,,,,2.0,2.0,1.0,2.0,3.0,4.0,2.0,2.0,1.0,2.0,2.0,2.0,,2.0,2.0,2.0,1.0,,,2.0,1.0,1.0,8.0,6.0,3.0,5.0
907,Ukraine,Number of,,,,,,,,,,,,,,,,,,,,,,,,,,,,,,,,,1.0,,,,,,,,,,
908,Ukraine,Number of,,,,,,,,,,,,,,,,,,,,,1.0,,,,,1.0,,,1.0,1.0,,,2.0,,,,1.0,1.0,,,,,
909,Ukraine,Number of,,,,,,,,,,,,,,2.0,,1.0,1.0,1.0,1.0,,,1.0,,1.0,,1.0,2.0,,1.0,,1.0,,,1.0,,,1.0,,,,1.0,,
910,Ukraine,Number of,,,,,,,,,,,,,1.0,,,,,1.0,,,3.0,,,,,,,2.0,,,,,,,,,,,1.0,,,1.0,
911,Ukraine,Number of,,,,,,,,,,,,,1.0,2.0,,1.0,1.0,2.0,1.0,,4.0,1.0,,1.0,,2.0,2.0,2.0,2.0,1.0,1.0,,3.0,1.0,,,2.0,1.0,1.0,,3.0,1.0,
912,Ukraine,Number of,,,,,,,,,,,,,,,,,,,,,,,,,,,,,,,,,,,,,,,,,2.0,,
913,United Arab Emirates,Number of,,,,,,,,,,,,,,,,,,,,,,,,,,,,,,,,,,,,,,1.0,,,,,
914,United Arab Emirates,Number of,,,,,,,,,,,,,,,,,,,,,,,,,,,,,,,,,,,,,,1.0,,,,,
915,United Kingdom,Number of,,,,,,,,,,,,,,,,,,,,,,,,,,,,,,,,,,,,,,,,,,,1.0
916,United Kingdom,Number of,,,,,,,,,,,,1.0,,,,,,1.0,,,,,,1.0,,2.0,,,,1.0,1.0,,,1.0,,,,,1.0,2.0,1.0,,1.0
917,United Kingdom,Number of,,,,,,,,,,,,,,2.0,2.0,,,2.0,1.0,1.0,3.0,2.0,3.0,,1.0,,,3.0,2.0,1.0,,,5.0,1.0,1.0,1.0,,1.0,,1.0,1.0,,
918,United Kingdom,Number of,,1.0,,1.0,1.0,,1.0,1.0,,1.0,7.0,1.0,,,,1.0,1.0,,3.0,2.0,3.0,,2.0,,,2.0,,1.0,1.0,1.0,1.0,,,3.0,1.0,1.0,,,1.0,,1.0,1.0,3.0
919,United Kingdom,Number of,,1.0,,1.0,1.0,,1.0,1.0,,1.0,7.0,2.0,,2.0,2.0,1.0,1.0,3.0,4.0,3.0,6.0,2.0,5.0,1.0,1.0,4.0,,4.0,3.0,3.0,2.0,,5.0,5.0,2.0,2.0,,1.0,2.0,3.0,3.0,1.0,5.0
920,United States,Number of,,,,,,,,,1.0,,,2.0,,,,,,,,1.0,2.0,,1.0,,,,,1.0,,,,1.0,2.0,,1.0,1.0,,1.0,1.0,,1.0,1.0,1.0
921,United States,Number of,1.0,,,1.0,,,1.0,1.0,,1.0,2.0,,,1.0,,2.0,,,1.0,1.0,1.0,1.0,1.0,,1.0,1.0,2.0,,1.0,1.0,,1.0,1.0,1.0,1.0,,,,,,,1.0,
922,United States,Number of,3.0,1.0,2.0,2.0,3.0,5.0,3.0,,3.0,,4.0,14.0,,6.0,1.0,5.0,4.0,8.0,7.0,1.0,8.0,5.0,4.0,4.0,4.0,6.0,11.0,6.0,4.0,4.0,3.0,4.0,1.0,7.0,2.0,5.0,6.0,3.0,3.0,4.0,2.0,12.0,3.0
923,United States,Number of,,,,,,,,,,,,,,,1.0,,,,,,,,,1.0,,,,,,,,,,,1.0,,,,1.0,,,,
924,United States,Number of,3.0,3.0,11.0,6.0,11.0,10.0,2.0,8.0,18.0,16.0,15.0,17.0,27.0,20.0,9.0,10.0,9.0,23.0,20.0,16.0,12.0,17.0,15.0,14.0,12.0,8.0,12.0,13.0,14.0,10.0,12.0,14.0,19.0,15.0,13.0,19.0,16.0,17.0,11.0,14.0,19.0,23.0,17.0
925,United States,Number of,7.0,4.0,13.0,9.0,14.0,15.0,6.0,9.0,22.0,17.0,21.0,35.0,29.0,28.0,14.0,17.0,14.0,33.0,32.0,22.0,30.0,26.0,29.0,22.0,20.0,16.0,28.0,23.0,21.0,17.0,15.0,23.0,25.0,28.0,19.0,29.0,26.0,24.0,19.0,20.0,23.0,43.0,25.0
926,United States,Number of,,,,,,,,,,,,2.0,2.0,1.0,3.0,,1.0,2.0,4.0,3.0,7.0,3.0,8.0,3.0,3.0,1.0,3.0,3.0,2.0,2.0,,3.0,2.0,5.0,1.0,4.0,4.0,3.0,3.0,2.0,1.0,6.0,4.0
927,United States Virgin Islands,Number of,,,,,,,,,,1.0,,,,,,2.0,,,1.0,1.0,,,,,1.0,,,,,,,,,,,,,2.0,,,,,
928,United States Virgin Islands,Number of,,,,,,,,,,1.0,,,,,,2.0,,,1.0,1.0,,,,,1.0,,,,,,,,,,,,,2.0,,,,,
929,Uruguay,Number of,,,,,,,,,,,,,,,,,,,,1.0,,,,,,,,,,,,,,,,,,,1.0,,,,
930,Uruguay,Number of,,,,,,,,,,,,,,,,,,,,,1.0,,,,1.0,,,1.0,,,1.0,,,,,,,,,,,,
931,Uruguay,Number of,,,,,,,1.0,,,,,1.0,1.0,,,,,,1.0,,1.0,1.0,1.0,1.0,,,,2.0,,1.0,,,,,,3.0,1.0,1.0,,3.0,1.0,,1.0
932,Uruguay,Number of,,,,,,,,,,,,,,1.0,,,,1.0,,1.0,1.0,,1.0,,,1.0,,,,,,,,,,,,,,,1.0,,
933,Uruguay,Number of,,,,,,,1.0,,,,,1.0,1.0,1.0,,,,1.0,1.0,2.0,3.0,1.0,2.0,1.0,1.0,1.0,,3.0,,1.0,1.0,,,,,3.0,1.0,1.0,1.0,3.0,2.0,,1.0
934,"Uzbekistan, Rep. of",Number of,,,,,,,,,,,,,,,,,,,,,1.0,,,,,,,,,,,,,,,,,,,,,,
935,"Uzbekistan, Rep. of",Number of,,,,,,,,,,,,,,,,,,,,,,,,,,1.0,,,,,,,,,,,,,,,1.0,,1.0
936,"Uzbekistan, Rep. of",Number of,,,,,,,,,,,,,,,,,,,,1.0,,,,,,,,,,,,,,,,,,,,,,1.0,
937,"Uzbekistan, Rep. of",Number of,,,,,,,,,,,,,,,,,,,,1.0,1.0,,,,,1.0,,,,,,,,,,,,,,,1.0,1.0,1.0
938,Vanuatu,Number of,,,,,,,,,,,,,,,,,,,,,,,1.0,,,,,,,1.0,,,,,,,,,,,,,
939,Vanuatu,Number of,,,,,,,,,1.0,,,,,,,,,,,,,,,,,,,,,,,,,,,,,,,,,,
940,Vanuatu,Number of,,2.0,,,,1.0,,1.0,2.0,,,,2.0,1.0,,,,,1.0,1.0,,2.0,,,1.0,,,,,,,2.0,,,1.0,1.0,,1.0,,,1.0,,
941,Vanuatu,Number of,,2.0,,,,1.0,,1.0,3.0,,,,2.0,1.0,,,,,1.0,1.0,,2.0,1.0,,1.0,,,,,1.0,,2.0,,,1.0,1.0,,1.0,,,1.0,,
942,"Venezuela, Rep. Bolivariana de",Number of,,,,,,,,,,,,,,,,,,,,,,,,,,,,,,1.0,,,,,,,,,,,,,
943,"Venezuela, Rep. Bolivariana de",Number of,,,,,,1.0,,1.0,2.0,,,,,,1.0,,2.0,1.0,,3.0,2.0,,1.0,2.0,1.0,4.0,1.0,,1.0,,1.0,3.0,1.0,,,1.0,1.0,,2.0,1.0,1.0,2.0,5.0
944,"Venezuela, Rep. Bolivariana de",Number of,,1.0,,,,,,1.0,,,,,,,1.0,,,,,,,,,,,,,,,,,,,,,,,,,,,,2.0
945,"Venezuela, Rep. Bolivariana de",Number of,,,,,,,,,1.0,,,,,1.0,,,,,,,,,,,1.0,,,,,,1.0,,,,,,,,,,,,1.0
946,"Venezuela, Rep. Bolivariana de",Number of,,1.0,,,,1.0,,2.0,3.0,,,,,1.0,2.0,,2.0,1.0,,3.0,2.0,,1.0,2.0,2.0,4.0,1.0,,1.0,1.0,2.0,3.0,1.0,,,1.0,1.0,,2.0,1.0,1.0,2.0,8.0
947,Vietnam,Number of,,,,,,,,1.0,,,,,,,,,,1.0,,1.0,,,1.0,,,1.0,,,,,,,,,,1.0,,,,1.0,,,
948,Vietnam,Number of,1.0,,,,1.0,1.0,1.0,,,,1.0,3.0,2.0,1.0,1.0,1.0,2.0,,1.0,3.0,2.0,4.0,3.0,3.0,3.0,5.0,5.0,5.0,5.0,2.0,4.0,3.0,1.0,6.0,,2.0,4.0,5.0,3.0,5.0,1.0,3.0,5.0
949,Vietnam,Number of,,,,,,,,,,,,,1.0,,1.0,,,,,,2.0,,,,1.0,,,,,1.0,,,,,,,,,,,,,
950,Vietnam,Number of,2.0,,1.0,3.0,2.0,1.0,1.0,2.0,2.0,3.0,3.0,4.0,2.0,3.0,1.0,1.0,4.0,3.0,3.0,1.0,7.0,3.0,1.0,1.0,2.0,4.0,6.0,1.0,5.0,3.0,3.0,2.0,3.0,4.0,3.0,2.0,4.0,4.0,4.0,2.0,10.0,5.0,3.0
951,Vietnam,Number of,3.0,,1.0,3.0,3.0,2.0,2.0,3.0,2.0,3.0,4.0,7.0,5.0,4.0,3.0,2.0,6.0,4.0,4.0,5.0,11.0,7.0,6.0,4.0,6.0,10.0,11.0,6.0,10.0,6.0,7.0,5.0,4.0,10.0,3.0,5.0,8.0,9.0,7.0,8.0,11.0,8.0,8.0
952,Vietnam,Number of,,,,,,,,,,,,,,,,,,,,,,,1.0,,,,,,,,,,,,,,,,,,,,
953,Wallis and Futuna Islands,Number of,,,,,,,1.0,,,,,,,,,,,,,,,,,,,,,,,,,,1.0,,,,,,,,,,
954,Wallis and Futuna Islands,Number of,,,,,,,1.0,,,,,,,,,,,,,,,,,,,,,,,,,,1.0,,,,,,,,,,
955,West Bank and Gaza,Number of,,,,,,,,,,,,,,,,,,,,,,,,,,,,,,,,,,,,,,,,,1.0,,1.0
956,West Bank and Gaza,Number of,,,,,,,,,,,,,,,,,,,,,,,,,,,,,1.0,,1.0,,1.0,1.0,,,,,,,,,
957,West Bank and Gaza,Number of,,,,,,,,,,,,,,,,,,,,,,,,,,,,,,,,,,1.0,,2.0,,,,,,,
958,West Bank and Gaza,Number of,,,,,,,,,,,,,,,,,,,,,,,,,,,,,1.0,,1.0,,1.0,2.0,,2.0,,,,,1.0,,1.0
959,"Yemen, Rep. of",Number of,,,,,,,,,,,,1.0,,1.0,,,2.0,,2.0,1.0,,1.0,4.0,1.0,,2.0,2.0,3.0,1.0,,2.0,,,1.0,,,1.0,1.0,,3.0,5.0,2.0,3.0
960,"Yemen, Rep. of",Number of,,,,,,,,,,,,,,,,,,,,,,,,,,1.0,,,,1.0,,,,,,,1.0,,,,,,
961,"Yemen, Rep. of",Number of,,,,,,,,,,,,,,,,,,,,,,2.0,,,,,,,,,,,,,,2.0,,,2.0,,,,
962,"Yemen, Rep. of",Number of,,,,,,,,,,,,1.0,,1.0,,,2.0,,2.0,1.0,,3.0,4.0,1.0,,3.0,2.0,3.0,1.0,1.0,2.0,,,1.0,,2.0,2.0,1.0,2.0,3.0,5.0,2.0,3.0
963,Zambia,Number of,,1.0,,1.0,,,,,,,1.0,,,,,1.0,,,,,,,,,,1.0,,,,,,,,,,,,,,1.0,,1.0,
964,Zambia,Number of,,,,,,,,,,1.0,,,,,,,,,1.0,,1.0,1.0,,2.0,1.0,1.0,,3.0,1.0,1.0,1.0,1.0,,1.0,1.0,,,,,1.0,3.0,,1.0
965,Zambia,Number of,,,,,,,,,,,,,,,,,,,,,,,,,,,,,,,1.0,,,,,,,,,,,,
966,Zambia,Number of,,1.0,,1.0,,,,,,1.0,1.0,,,,,1.0,,,1.0,,1.0,1.0,,2.0,1.0,2.0,,3.0,1.0,1.0,2.0,1.0,,1.0,1.0,,,,,2.0,3.0,1.0,1.0
967,Zimbabwe,Number of,,1.0,,,,,,,,,1.0,,,,,,,,1.0,,,1.0,,,,,,1.0,,,1.0,,,1.0,,,,1.0,,,,1.0,
968,Zimbabwe,Number of,,,,,,,,,,,,,,,,,,,1.0,,1.0,1.0,,1.0,,,,2.0,,,1.0,1.0,,1.0,2.0,,,,,1.0,,,1.0
969,Zimbabwe,Number of,,,,,,,,,,,,,,,,,,,,,,,,1.0,,,,1.0,,,,,,,,1.0,1.0,1.0,,1.0,,1.0,1.0
970,Zimbabwe,Number of,,1.0,,,,,,,,,1.0,,,,,,,,2.0,,1.0,2.0,,2.0,,,,4.0,,,2.0,1.0,,2.0,2.0,1.0,1.0,2.0,,2.0,,2.0,2.0
